<metadata xml:lang="en"><Esri><CreaDate>20120221</CreaDate><CreaTime>14503200</CreaTime><ArcGISFormat>1.0</ArcGISFormat><ArcGISstyle>FGDC CSDGM Metadata</ArcGISstyle><SyncOnce>FALSE</SyncOnce><DataProperties><lineage><Process ToolSource="c:\program files\arcgis\desktop10.0\ArcToolbox\Toolboxes\Data Management Tools.tbx\Project" Date="20120221" Time="145032" Name="" export="">Project S2012 W:\gis\redist2010\Legislative\L2012\shape\S2012.shp PROJCS['NAD_1983_UTM_Zone_15N',GEOGCS['GCS_North_American_1983',DATUM['D_North_American_1983',SPHEROID['GRS_1980',6378137.0,298.257222101]],PRIMEM['Greenwich',0.0],UNIT['Degree',0.0174532925199433]],PROJECTION['Transverse_Mercator'],PARAMETER['False_Easting',500000.0],PARAMETER['False_Northing',0.0],PARAMETER['Central_Meridian',-93.0],PARAMETER['Scale_Factor',0.9996],PARAMETER['Latitude_Of_Origin',0.0],UNIT['Meter',1.0]] # PROJCS['GRS_1980_UTM_Zone_15N',GEOGCS['GCS_GRS_1980',DATUM['D_GRS_1980',SPHEROID['GRS_1980',6378137.0,298.2572221]],PRIMEM['Greenwich',0.0],UNIT['Degree',0.0174532925199433]],PROJECTION['Transverse_Mercator'],PARAMETER['False_Easting',500000.0],PARAMETER['False_Northing',0.0],PARAMETER['Central_Meridian',-93.0],PARAMETER['Scale_Factor',0.9996],PARAMETER['Latitude_Of_Origin',0.0],UNIT['Meter',1.0]]</Process></lineage><itemProps><itemName Sync="TRUE">S2012</itemName><imsContentType Sync="TRUE">002</imsContentType><nativeExtBox><westBL Sync="TRUE">189777.188874</westBL><eastBL Sync="TRUE">762236.958845</eastBL><southBL Sync="TRUE">4816289.640108</southBL><northBL Sync="TRUE">5472414.143679</northBL><exTypeCode Sync="TRUE">1</exTypeCode></nativeExtBox><itemSize Sync="TRUE">0.000</itemSize><itemLocation><linkage Sync="TRUE">file://\\geo\d$\Geodata\shape\senate\S2012.shp</linkage><protocol Sync="TRUE">Local Area Network</protocol></itemLocation></itemProps><coordRef><type Sync="TRUE">Projected</type><geogcsn Sync="TRUE">GCS_North_American_1983</geogcsn><csUnits Sync="TRUE">Linear Unit: Meter (1.000000)</csUnits><projcsn Sync="TRUE">NAD_1983_UTM_Zone_15N</projcsn><peXml Sync="TRUE">&lt;ProjectedCoordinateSystem xsi:type='typens:ProjectedCoordinateSystem' xmlns:xsi='http://www.w3.org/2001/XMLSchema-instance' xmlns:xs='http://www.w3.org/2001/XMLSchema' xmlns:typens='http://www.esri.com/schemas/ArcGIS/10.0'&gt;&lt;WKT&gt;PROJCS[&amp;quot;NAD_1983_UTM_Zone_15N&amp;quot;,GEOGCS[&amp;quot;GCS_North_American_1983&amp;quot;,DATUM[&amp;quot;D_North_American_1983&amp;quot;,SPHEROID[&amp;quot;GRS_1980&amp;quot;,6378137.0,298.257222101]],PRIMEM[&amp;quot;Greenwich&amp;quot;,0.0],UNIT[&amp;quot;Degree&amp;quot;,0.0174532925199433]],PROJECTION[&amp;quot;Transverse_Mercator&amp;quot;],PARAMETER[&amp;quot;False_Easting&amp;quot;,500000.0],PARAMETER[&amp;quot;False_Northing&amp;quot;,0.0],PARAMETER[&amp;quot;Central_Meridian&amp;quot;,-93.0],PARAMETER[&amp;quot;Scale_Factor&amp;quot;,0.9996],PARAMETER[&amp;quot;Latitude_Of_Origin&amp;quot;,0.0],UNIT[&amp;quot;Meter&amp;quot;,1.0],AUTHORITY[&amp;quot;EPSG&amp;quot;,26915]]&lt;/WKT&gt;&lt;XOrigin&gt;-5120900&lt;/XOrigin&gt;&lt;YOrigin&gt;-9998100&lt;/YOrigin&gt;&lt;XYScale&gt;450445547.3910538&lt;/XYScale&gt;&lt;ZOrigin&gt;-100000&lt;/ZOrigin&gt;&lt;ZScale&gt;10000&lt;/ZScale&gt;&lt;MOrigin&gt;-100000&lt;/MOrigin&gt;&lt;MScale&gt;10000&lt;/MScale&gt;&lt;XYTolerance&gt;0.001&lt;/XYTolerance&gt;&lt;ZTolerance&gt;0.001&lt;/ZTolerance&gt;&lt;MTolerance&gt;0.001&lt;/MTolerance&gt;&lt;HighPrecision&gt;true&lt;/HighPrecision&gt;&lt;WKID&gt;26915&lt;/WKID&gt;&lt;/ProjectedCoordinateSystem&gt;</peXml></coordRef></DataProperties><SyncDate>20120223</SyncDate><SyncTime>09183500</SyncTime><ModDate>20120223</ModDate><ModTime>09183500</ModTime><ArcGISProfile>FGDC</ArcGISProfile></Esri><idinfo><ptcontac><cntinfo><cntperp><cntper>Lee Meilleur</cntper><cntorg>LCC-GIS</cntorg></cntperp><cntpos>Director</cntpos><cntvoice>651-296-0098</cntvoice><cntfax>651-297-3699</cntfax><cntemail>lee.meilleur@gis.leg.mn</cntemail></cntinfo></ptcontac><citation><citeinfo><origin>LCC-GIS</origin><pubdate>02/21/2012</pubdate><title>S2012</title><onlink>ftp://ftp.commissions.leg.state.mn.us/pub/gis/Redist2010/Plans/legislative/L2012/L2012-shp.zip</onlink></citeinfo></citation><descript><abstract>This is a polygon data set for the 2012 Senate Districts</abstract><purpose>This database of Senate District Boundaries was developed from U.S. Census Bureau 2010 TIGER/Line files as a result of the most recent redistricting effort.</purpose></descript><timeperd><current>publication date</current></timeperd><status><progress>Complete</progress><update>As needed</update></status><spdom><bounding><westbc>43</westbc><eastbc>49.5</eastbc><northbc>-97.5</northbc><southbc>89.0</southbc></bounding></spdom><keywords><place><placekey>Minnesota, MN</placekey></place><theme><themekey>Districts, Minnesota Senate Districts</themekey></theme></keywords><accconst>None</accconst><useconst>None</useconst><browse><browsen>http://www.gis.leg.mn/redist2010/Legislative/L2012/maps/senate/statewide.pdf</browsen><browsed>Statewide view</browsed></browse><natvform>Shapefile</natvform></idinfo><metainfo><metc><cntinfo><cntperp><cntper>Lee  Meilleur</cntper><cntorg>LCC-GIS</cntorg></cntperp><cntpos>Director</cntpos><cntaddr><address>100 Martin Luther King, Jr. Blvd., Suite 55</address><city>St. Paul</city><state>Minnesota</state><postal>55155</postal><country>USA</country></cntaddr><cntvoice>651-296-0098</cntvoice><cntfax>651-297-3699 </cntfax><cntemail>lee.meilleur@gis.leg.mn</cntemail></cntinfo></metc><metd>02/23/2012</metd><langmeta>English</langmeta><metstdn>FGDC Content Standards for Digital Geospatial Metadata</metstdn><metac>None</metac><metuc>None</metuc></metainfo><dataqual><complete>Complete</complete></dataqual><dataIdInfo><envirDesc Sync="TRUE">Microsoft Windows XP Version 5.1 (Build 2600) Service Pack 3; ESRI ArcGIS 10.0.3.3600</envirDesc><dataLang><languageCode value="eng" Sync="FALSE"/><countryCode value="GB" Sync="TRUE"/></dataLang><idCitation xmlns=""><resTitle Sync="TRUE">S2012</resTitle><presForm xmlns=""><PresFormCd value="005" Sync="TRUE"/></presForm><date><createDate>2012-02-21T00:00:00</createDate></date><citId xmlns=""><identCode>S2012</identCode></citId></idCitation><spatRpType><SpatRepTypCd value="001" Sync="TRUE"/></spatRpType><dataExt xmlns=""><geoEle xmlns=""><GeoBndBox esriExtentType="search"><exTypeCode Sync="TRUE">1</exTypeCode><westBL Sync="TRUE">-97.269828</westBL><eastBL Sync="TRUE">-89.389133</eastBL><northBL Sync="TRUE">49.404414</northBL><southBL Sync="TRUE">43.435244</southBL></GeoBndBox></geoEle><exDesc>State of Minnesota</exDesc></dataExt><idPurp>This database of Senate District Boundaries was developed from U.S. Census Bureau 2010 TIGER/Line files as a result of the most recent redistricting effort.</idPurp><idAbs>&lt;DIV STYLE="text-align:Left;"&gt;&lt;DIV&gt;&lt;DIV&gt;&lt;P&gt;&lt;SPAN&gt;This is a polygon data set for the 2012 Senate Districts&lt;/SPAN&gt;&lt;/P&gt;&lt;/DIV&gt;&lt;/DIV&gt;&lt;/DIV&gt;</idAbs><idCredit>LCC-GIS</idCredit><searchKeys><keyword>Districts</keyword><keyword>MN Senate</keyword><keyword>Minnesota Senate Districts</keyword></searchKeys><resConst xmlns=""><Consts xmlns=""><useLimit>None</useLimit></Consts></resConst><placeKeys xmlns=""><keyword>Minnesota, MN</keyword></placeKeys><themeKeys xmlns=""><keyword>Districts, Minnesota Senate Districts</keyword></themeKeys><dataChar><CharSetCd value="004"/></dataChar><idPoC xmlns=""><rpIndName>Lee Meilleur</rpIndName><rpOrgName>LCC-GIS</rpOrgName><rpPosName>Director</rpPosName><rpCntInfo xmlns=""><cntAddress addressType=""><delPoint>100 Martin Luther King, Jr. Blvd., Suite 55 </delPoint><city>St. Paul</city><adminArea>MN</adminArea><postCode>55155</postCode><eMailAdd>lee.meilleur@gis.leg.mn</eMailAdd><country>USA</country></cntAddress><cntPhone><voiceNum tddtty=""> 651-296-0098 </voiceNum><faxNum>651-297-3699</faxNum></cntPhone></rpCntInfo><role><RoleCd value="007"/></role></idPoC><resMaint xmlns=""><maintFreq><MaintFreqCd value="009"/></maintFreq></resMaint><tpCat><TopicCatCd value="003"/></tpCat></dataIdInfo><mdLang><languageCode value="en" Sync="TRUE"/><countryCode value="GB" Sync="TRUE"/></mdLang><mdChar><CharSetCd value="004" Sync="TRUE"/></mdChar><distInfo xmlns=""><distFormat xmlns=""><formatName Sync="TRUE">Shapefile</formatName></distFormat><distTranOps xmlns=""><transSize Sync="TRUE">0.000</transSize></distTranOps></distInfo><mdHrLv><ScopeCd value="005" Sync="TRUE"/></mdHrLv><mdHrLvName Sync="TRUE">dataset</mdHrLvName><refSysInfo><RefSystem><refSysID><identCode code="26915" Sync="TRUE" value="26915"/><idCodeSpace Sync="TRUE">EPSG</idCodeSpace><idVersion Sync="TRUE">7.4.1</idVersion></refSysID></RefSystem></refSysInfo><spatRepInfo><VectSpatRep><geometObjs Name="S2012"><geoObjTyp><GeoObjTypCd value="002" Sync="TRUE"></GeoObjTypCd></geoObjTyp><geoObjCnt Sync="TRUE">67</geoObjCnt></geometObjs><topLvl><TopoLevCd value="001" Sync="TRUE"></TopoLevCd></topLvl></VectSpatRep></spatRepInfo><spdoinfo><ptvctinf><esriterm><efeatyp Sync="TRUE">Simple</efeatyp><efeageom code="4" Sync="TRUE"></efeageom><esritopo Sync="TRUE">FALSE</esritopo><efeacnt Sync="TRUE">67</efeacnt><spindex Sync="TRUE">TRUE</spindex><linrefer Sync="TRUE">FALSE</linrefer></esriterm></ptvctinf></spdoinfo><eainfo><detailed Name="S2012" xmlns=""><enttyp><enttypl Sync="TRUE">S2012</enttypl><enttypt Sync="TRUE">Feature Class</enttypt><enttypc Sync="TRUE">67</enttypc></enttyp><attr xmlns=""><attrlabl Sync="TRUE">FID</attrlabl><attalias Sync="TRUE">FID</attalias><attrtype Sync="TRUE">OID</attrtype><attwidth Sync="TRUE">4</attwidth><atprecis Sync="TRUE">0</atprecis><attscale Sync="TRUE">0</attscale><attrdef Sync="TRUE">Internal feature number.</attrdef><attrdefs Sync="TRUE">ESRI</attrdefs><attrdomv><udom Sync="TRUE">Sequential unique whole numbers that are automatically generated.</udom></attrdomv></attr><attr xmlns=""><attrlabl Sync="TRUE">Shape</attrlabl><attalias Sync="TRUE">Shape</attalias><attrtype Sync="TRUE">Geometry</attrtype><attwidth Sync="TRUE">0</attwidth><atprecis Sync="TRUE">0</atprecis><attscale Sync="TRUE">0</attscale><attrdef Sync="TRUE">Feature geometry.</attrdef><attrdefs Sync="TRUE">ESRI</attrdefs><attrdomv><udom Sync="TRUE">Coordinates defining the features.</udom></attrdomv></attr><attr xmlns=""><attrlabl Sync="TRUE">ID</attrlabl><attalias Sync="TRUE">ID</attalias><attrtype Sync="TRUE">Double</attrtype><attwidth Sync="TRUE">12</attwidth><atprecis Sync="TRUE">12</atprecis><attscale Sync="TRUE">0</attscale></attr><attr xmlns=""><attrlabl Sync="TRUE">AREA</attrlabl><attalias Sync="TRUE">AREA</attalias><attrtype Sync="TRUE">Double</attrtype><attwidth Sync="TRUE">10</attwidth><atprecis Sync="TRUE">9</atprecis><attscale Sync="TRUE">2</attscale><attrdef>Area of District</attrdef></attr><attr xmlns=""><attrlabl Sync="TRUE">DATA</attrlabl><attalias Sync="TRUE">DATA</attalias><attrtype Sync="TRUE">Double</attrtype><attwidth Sync="TRUE">12</attwidth><atprecis Sync="TRUE">12</atprecis><attscale Sync="TRUE">0</attscale></attr><attr xmlns=""><attrlabl Sync="TRUE">DISTRICT</attrlabl><attalias Sync="TRUE">DISTRICT</attalias><attrtype Sync="TRUE">String</attrtype><attwidth Sync="TRUE">12</attwidth><atprecis Sync="TRUE">0</atprecis><attscale Sync="TRUE">0</attscale><attrdef>District Number</attrdef></attr><attr xmlns=""><attrlabl Sync="TRUE">MEMBERS</attrlabl><attalias Sync="TRUE">MEMBERS</attalias><attrtype Sync="TRUE">Single</attrtype><attwidth Sync="TRUE">8</attwidth><atprecis Sync="TRUE">7</atprecis><attscale Sync="TRUE">1</attscale></attr><attr xmlns=""><attrlabl Sync="TRUE">LOCKED</attrlabl><attalias Sync="TRUE">LOCKED</attalias><attrtype Sync="TRUE">String</attrtype><attwidth Sync="TRUE">1</attwidth><atprecis Sync="TRUE">0</atprecis><attscale Sync="TRUE">0</attscale></attr><attr xmlns=""><attrlabl Sync="TRUE">NAME</attrlabl><attalias Sync="TRUE">NAME</attalias><attrtype Sync="TRUE">String</attrtype><attwidth Sync="TRUE">43</attwidth><atprecis Sync="TRUE">0</atprecis><attscale Sync="TRUE">0</attscale></attr><attr xmlns=""><attrlabl Sync="TRUE">POPULATION</attrlabl><attalias Sync="TRUE">POPULATION</attalias><attrtype Sync="TRUE">Double</attrtype><attwidth Sync="TRUE">11</attwidth><atprecis Sync="TRUE">11</atprecis><attscale Sync="TRUE">0</attscale><attrdef>2010 Population</attrdef></attr><attr xmlns=""><attrlabl Sync="TRUE">HISPANIC_O</attrlabl><attalias Sync="TRUE">HISPANIC_O</attalias><attrtype Sync="TRUE">Double</attrtype><attwidth Sync="TRUE">11</attwidth><atprecis Sync="TRUE">11</atprecis><attscale Sync="TRUE">0</attscale><attrdef>Hispanic Origin</attrdef></attr><attr xmlns=""><attrlabl Sync="TRUE">NH_WHT</attrlabl><attalias Sync="TRUE">NH_WHT</attalias><attrtype Sync="TRUE">Double</attrtype><attwidth Sync="TRUE">11</attwidth><atprecis Sync="TRUE">11</atprecis><attscale Sync="TRUE">0</attscale><attrdef>Non-Hispanic White </attrdef></attr><attr xmlns=""><attrlabl Sync="TRUE">NH_DOJ_BLK</attrlabl><attalias Sync="TRUE">NH_DOJ_BLK</attalias><attrtype Sync="TRUE">Double</attrtype><attwidth Sync="TRUE">11</attwidth><atprecis Sync="TRUE">11</atprecis><attscale Sync="TRUE">0</attscale><attrdef>Non-Hispanic (Department of Justice) Black</attrdef></attr><attr xmlns=""><attrlabl Sync="TRUE">NH_DOJ_IND</attrlabl><attalias Sync="TRUE">NH_DOJ_IND</attalias><attrtype Sync="TRUE">Double</attrtype><attwidth Sync="TRUE">11</attwidth><atprecis Sync="TRUE">11</atprecis><attscale Sync="TRUE">0</attscale><attrdef>Non-Hispanic (Department of Justice) Indian</attrdef></attr><attr xmlns=""><attrlabl Sync="TRUE">NH_DOJ_ASN</attrlabl><attalias Sync="TRUE">NH_DOJ_ASN</attalias><attrtype Sync="TRUE">Double</attrtype><attwidth Sync="TRUE">11</attwidth><atprecis Sync="TRUE">11</atprecis><attscale Sync="TRUE">0</attscale><attrdef>Non-Hispanic (Department of Justice) Asian </attrdef></attr><attr xmlns=""><attrlabl Sync="TRUE">NH_DOJ_HWN</attrlabl><attalias Sync="TRUE">NH_DOJ_HWN</attalias><attrtype Sync="TRUE">Double</attrtype><attwidth Sync="TRUE">11</attwidth><atprecis Sync="TRUE">11</atprecis><attscale Sync="TRUE">0</attscale><attrdef>Non-Hispanic (Department of Justice) Hawaiian</attrdef></attr><attr xmlns=""><attrlabl Sync="TRUE">NH_DOJ_OTH</attrlabl><attalias Sync="TRUE">NH_DOJ_OTH</attalias><attrtype Sync="TRUE">Double</attrtype><attwidth Sync="TRUE">11</attwidth><atprecis Sync="TRUE">11</atprecis><attscale Sync="TRUE">0</attscale><attrdef>Non-Hispanic (Department of Justice) Other Race</attrdef></attr><attr xmlns=""><attrlabl Sync="TRUE">NH_DOJ_OT1</attrlabl><attalias Sync="TRUE">NH_DOJ_OT1</attalias><attrtype Sync="TRUE">Double</attrtype><attwidth Sync="TRUE">11</attwidth><atprecis Sync="TRUE">11</atprecis><attscale Sync="TRUE">0</attscale><attrdef>Non-Hispanic (Department of Justice) Other Multi Race </attrdef></attr><attr xmlns=""><attrlabl Sync="TRUE">F18_POP</attrlabl><attalias Sync="TRUE">F18_POP</attalias><attrtype Sync="TRUE">Double</attrtype><attwidth Sync="TRUE">11</attwidth><atprecis Sync="TRUE">11</atprecis><attscale Sync="TRUE">0</attscale><attrdef>18+ Population 2010 </attrdef></attr><attr xmlns=""><attrlabl Sync="TRUE">H18_POP</attrlabl><attalias Sync="TRUE">H18_POP</attalias><attrtype Sync="TRUE">Double</attrtype><attwidth Sync="TRUE">11</attwidth><atprecis Sync="TRUE">11</atprecis><attscale Sync="TRUE">0</attscale><attrdef>18+ Hispanic </attrdef></attr><attr xmlns=""><attrlabl Sync="TRUE">NH18_WHT</attrlabl><attalias Sync="TRUE">NH18_WHT</attalias><attrtype Sync="TRUE">Double</attrtype><attwidth Sync="TRUE">11</attwidth><atprecis Sync="TRUE">11</atprecis><attscale Sync="TRUE">0</attscale><attrdef> 18+ Non-Hispanic White </attrdef></attr><attr xmlns=""><attrlabl Sync="TRUE">NH18_DOJ_B</attrlabl><attalias Sync="TRUE">NH18_DOJ_B</attalias><attrtype Sync="TRUE">Double</attrtype><attwidth Sync="TRUE">11</attwidth><atprecis Sync="TRUE">11</atprecis><attscale Sync="TRUE">0</attscale><attrdef>18+ Non-Hispanic (Department of Justice) Black </attrdef></attr><attr xmlns=""><attrlabl Sync="TRUE">NH18_DOJ_I</attrlabl><attalias Sync="TRUE">NH18_DOJ_I</attalias><attrtype Sync="TRUE">Double</attrtype><attwidth Sync="TRUE">11</attwidth><atprecis Sync="TRUE">11</atprecis><attscale Sync="TRUE">0</attscale><attrdef>18+ Non-Hispanic (Department of Justice) Indian</attrdef></attr><attr xmlns=""><attrlabl Sync="TRUE">NH18_DOJ_A</attrlabl><attalias Sync="TRUE">NH18_DOJ_A</attalias><attrtype Sync="TRUE">Double</attrtype><attwidth Sync="TRUE">11</attwidth><atprecis Sync="TRUE">11</atprecis><attscale Sync="TRUE">0</attscale><attrdef>18+ Non-Hispanic (Department of Justice) Asian</attrdef></attr><attr xmlns=""><attrlabl Sync="TRUE">NH18_DOJ_H</attrlabl><attalias Sync="TRUE">NH18_DOJ_H</attalias><attrtype Sync="TRUE">Double</attrtype><attwidth Sync="TRUE">11</attwidth><atprecis Sync="TRUE">11</atprecis><attscale Sync="TRUE">0</attscale><attrdef> 18+ Non-Hispanic (Department of Justice) Hawaiian</attrdef></attr><attr xmlns=""><attrlabl Sync="TRUE">NH18_DOJ_O</attrlabl><attalias Sync="TRUE">NH18_DOJ_O</attalias><attrtype Sync="TRUE">Double</attrtype><attwidth Sync="TRUE">11</attwidth><atprecis Sync="TRUE">11</atprecis><attscale Sync="TRUE">0</attscale><attrdef>18+ Non-Hispanic (Department of Justice) Other Race</attrdef></attr><attr xmlns=""><attrlabl Sync="TRUE">NH18_DOJ_1</attrlabl><attalias Sync="TRUE">NH18_DOJ_1</attalias><attrtype Sync="TRUE">Double</attrtype><attwidth Sync="TRUE">11</attwidth><atprecis Sync="TRUE">11</atprecis><attscale Sync="TRUE">0</attscale><attrdef>18+ Non-Hispanic (Department of Justice) Other Multi Race </attrdef></attr><attr xmlns=""><attrlabl Sync="TRUE">IDEAL_VALU</attrlabl><attalias Sync="TRUE">IDEAL_VALU</attalias><attrtype Sync="TRUE">Double</attrtype><attwidth Sync="TRUE">12</attwidth><atprecis Sync="TRUE">11</atprecis><attscale Sync="TRUE">4</attscale><attrdef>Ideal Population Value</attrdef></attr><attr xmlns=""><attrlabl Sync="TRUE">DEVIATION</attrlabl><attalias Sync="TRUE">DEVIATION</attalias><attrtype Sync="TRUE">Double</attrtype><attwidth Sync="TRUE">12</attwidth><atprecis Sync="TRUE">11</atprecis><attscale Sync="TRUE">4</attscale></attr><attr xmlns=""><attrlabl Sync="TRUE">F_DEVIATIO</attrlabl><attalias Sync="TRUE">F_DEVIATIO</attalias><attrtype Sync="TRUE">Double</attrtype><attwidth Sync="TRUE">12</attwidth><atprecis Sync="TRUE">11</atprecis><attscale Sync="TRUE">4</attscale></attr><attr xmlns=""><attrlabl Sync="TRUE">F_HISPANIC</attrlabl><attalias Sync="TRUE">F_HISPANIC</attalias><attrtype Sync="TRUE">Double</attrtype><attwidth Sync="TRUE">12</attwidth><atprecis Sync="TRUE">11</atprecis><attscale Sync="TRUE">4</attscale></attr><attr xmlns=""><attrlabl Sync="TRUE">F_NH_WHT</attrlabl><attalias Sync="TRUE">F_NH_WHT</attalias><attrtype Sync="TRUE">Double</attrtype><attwidth Sync="TRUE">12</attwidth><atprecis Sync="TRUE">11</atprecis><attscale Sync="TRUE">4</attscale></attr><attr xmlns=""><attrlabl Sync="TRUE">F_NH_DOJ_B</attrlabl><attalias Sync="TRUE">F_NH_DOJ_B</attalias><attrtype Sync="TRUE">Double</attrtype><attwidth Sync="TRUE">12</attwidth><atprecis Sync="TRUE">11</atprecis><attscale Sync="TRUE">4</attscale></attr><attr xmlns=""><attrlabl Sync="TRUE">F_NH_DOJ_I</attrlabl><attalias Sync="TRUE">F_NH_DOJ_I</attalias><attrtype Sync="TRUE">Double</attrtype><attwidth Sync="TRUE">12</attwidth><atprecis Sync="TRUE">11</atprecis><attscale Sync="TRUE">4</attscale></attr><attr xmlns=""><attrlabl Sync="TRUE">F_NH_DOJ_A</attrlabl><attalias Sync="TRUE">F_NH_DOJ_A</attalias><attrtype Sync="TRUE">Double</attrtype><attwidth Sync="TRUE">12</attwidth><atprecis Sync="TRUE">11</atprecis><attscale Sync="TRUE">4</attscale></attr><attr xmlns=""><attrlabl Sync="TRUE">F_NH_DOJ_H</attrlabl><attalias Sync="TRUE">F_NH_DOJ_H</attalias><attrtype Sync="TRUE">Double</attrtype><attwidth Sync="TRUE">12</attwidth><atprecis Sync="TRUE">11</atprecis><attscale Sync="TRUE">4</attscale></attr><attr xmlns=""><attrlabl Sync="TRUE">F_NH_DOJ_O</attrlabl><attalias Sync="TRUE">F_NH_DOJ_O</attalias><attrtype Sync="TRUE">Double</attrtype><attwidth Sync="TRUE">12</attwidth><atprecis Sync="TRUE">11</atprecis><attscale Sync="TRUE">4</attscale></attr><attr xmlns=""><attrlabl Sync="TRUE">F_NH_DOJ_1</attrlabl><attalias Sync="TRUE">F_NH_DOJ_1</attalias><attrtype Sync="TRUE">Double</attrtype><attwidth Sync="TRUE">12</attwidth><atprecis Sync="TRUE">11</atprecis><attscale Sync="TRUE">4</attscale></attr><attr xmlns=""><attrlabl Sync="TRUE">F_H18_POP</attrlabl><attalias Sync="TRUE">F_H18_POP</attalias><attrtype Sync="TRUE">Double</attrtype><attwidth Sync="TRUE">12</attwidth><atprecis Sync="TRUE">11</atprecis><attscale Sync="TRUE">4</attscale></attr><attr xmlns=""><attrlabl Sync="TRUE">F_NH18_WHT</attrlabl><attalias Sync="TRUE">F_NH18_WHT</attalias><attrtype Sync="TRUE">Double</attrtype><attwidth Sync="TRUE">12</attwidth><atprecis Sync="TRUE">11</atprecis><attscale Sync="TRUE">4</attscale></attr><attr xmlns=""><attrlabl Sync="TRUE">F_NH18_DOJ</attrlabl><attalias Sync="TRUE">F_NH18_DOJ</attalias><attrtype Sync="TRUE">Double</attrtype><attwidth Sync="TRUE">12</attwidth><atprecis Sync="TRUE">11</atprecis><attscale Sync="TRUE">4</attscale></attr><attr xmlns=""><attrlabl Sync="TRUE">F_NH18_DO1</attrlabl><attalias Sync="TRUE">F_NH18_DO1</attalias><attrtype Sync="TRUE">Double</attrtype><attwidth Sync="TRUE">12</attwidth><atprecis Sync="TRUE">11</atprecis><attscale Sync="TRUE">4</attscale></attr><attr xmlns=""><attrlabl Sync="TRUE">F_NH18_DO2</attrlabl><attalias Sync="TRUE">F_NH18_DO2</attalias><attrtype Sync="TRUE">Double</attrtype><attwidth Sync="TRUE">12</attwidth><atprecis Sync="TRUE">11</atprecis><attscale Sync="TRUE">4</attscale></attr><attr xmlns=""><attrlabl Sync="TRUE">F_NH18_DO3</attrlabl><attalias Sync="TRUE">F_NH18_DO3</attalias><attrtype Sync="TRUE">Double</attrtype><attwidth Sync="TRUE">12</attwidth><atprecis Sync="TRUE">11</atprecis><attscale Sync="TRUE">4</attscale></attr><attr xmlns=""><attrlabl Sync="TRUE">F_NH18_DO4</attrlabl><attalias Sync="TRUE">F_NH18_DO4</attalias><attrtype Sync="TRUE">Double</attrtype><attwidth Sync="TRUE">12</attwidth><atprecis Sync="TRUE">11</atprecis><attscale Sync="TRUE">4</attscale></attr><attr xmlns=""><attrlabl Sync="TRUE">F_NH18_DO5</attrlabl><attalias Sync="TRUE">F_NH18_DO5</attalias><attrtype Sync="TRUE">Double</attrtype><attwidth Sync="TRUE">12</attwidth><atprecis Sync="TRUE">11</atprecis><attscale Sync="TRUE">4</attscale></attr><attr xmlns=""><attrlabl Sync="TRUE">COLORING</attrlabl><attalias Sync="TRUE">COLORING</attalias><attrtype Sync="TRUE">SmallInteger</attrtype><attwidth Sync="TRUE">3</attwidth><atprecis Sync="TRUE">3</atprecis><attscale Sync="TRUE">0</attscale><attrdef>Map Coloring Caliper</attrdef></attr></detailed></eainfo><mdDateSt Sync="TRUE">20120223</mdDateSt><mdContact xmlns=""><rpIndName>Lee Meilleur</rpIndName><rpOrgName>LCC-GIS</rpOrgName><rpPosName>Director</rpPosName><role><RoleCd value="007"/></role></mdContact><mdMaint xmlns=""><maintFreq><MaintFreqCd value="009"/></maintFreq></mdMaint></metadata>
