"ID,N,12,0","DATA,N,12,0","DISTRICT,C,12","MEMBERS,N,8,1","LOCKED,C,1","NAME,C,43","POPULATION,N,11,0","HISPANIC_O,N,11,0","NH_WHT,N,11,0","NH_DOJ_BLK,N,11,0","NH_DOJ_IND,N,11,0","NH_DOJ_ASN,N,11,0","NH_DOJ_HWN,N,11,0","NH_DOJ_OTH,N,11,0","NH_DOJ_OT1,N,11,0","F18_POP,N,11,0","H18_POP,N,11,0","NH18_WHT,N,11,0","NH18_DOJ_B,N,11,0","NH18_DOJ_I,N,11,0","NH18_DOJ_A,N,11,0","NH18_DOJ_H,N,11,0","NH18_DOJ_O,N,11,0","NH18_DOJ_1,N,11,0","DEM_INDEX,N,16,3","REP_INDEX,N,16,3","THIRD_INDE,N,16,3","INDEX_VOTE,N,16,3","IDEAL_VALU,N,12,4","DEVIATION,N,12,4","F_DEVIATIO,N,12,4","F_HISPANIC,N,12,4","F_NH_WHT,N,12,4","F_NH_DOJ_B,N,12,4","F_NH_DOJ_I,N,12,4","F_NH_DOJ_A,N,12,4","F_NH_DOJ_H,N,12,4","F_NH_DOJ_O,N,12,4","F_NH_DOJ_1,N,12,4","F_H18_POP,N,12,4","F_NH18_WHT,N,12,4","F_NH18_DOJ,N,12,4","F_NH18_DO1,N,12,4","F_NH18_DO2,N,12,4","F_NH18_DO3,N,12,4","F_NH18_DO4,N,12,4","F_NH18_DO5,N,12,4","F_DEM_INDE,N,12,4","F_REP_INDE,N,12,4","F_THIRD_IN,N,12,4","COLORING,N,8,0","MEANNUM,N,24,16","MEANSEN,N,24,16","MEANCNG,N,24,16","MEANCOM,N,24,16","MEANJUD,N,24,16","MEANPRE_N,N,24,16","MEANVR_MCD,N,24,16","MEANCTU,N,24,16","MEANp08,N,24,16","MEANleg08,N,24,16","MEANsen08,N,24,16","MEANg10,N,24,16","MEANleg10,N,24,16","MEANpvi,N,24,16","COUNT,N,24,16"
406205,78,"39B",1,,,39447,1036,35618,1277,473,940,11,24,68,30377,646,27672,1046,395,566,8,10,34,0,0,0,0,39582,-135,-0.0034,0.0263,0.9029,0.0324,0.012,0.0238,0.0003,0.0006,0.0017,0.0213,0.911,0.0344,0.013,0.0186,0.0003,0.0003,0.0011,0,0,0,7,271619735.684211,54.2368421053,5.5789473684,2.3947368421,9.7894736842,262,116.6315789474,43100.3947368421,-3.4038525125,2.0965989536,9.6968214975,8.8067158975,11.3542520885,5.7101071849,38
406249,49,"25A",1,,,39426,1198,35548,756,162,1582,39,71,70,27636,632,25500,346,102,964,21,35,36,0,0,0,0,39582,-156,-0.0039,0.0304,0.9016,0.0192,0.0041,0.0401,0.001,0.0018,0.0018,0.0229,0.9227,0.0125,0.0037,0.0349,0.0008,0.0013,0.0013,0,0,0,0,270839146.97619,28.9761904762,1.0952380952,4.1666666667,2.8095238095,99.3571428571,68.2380952381,40854.3333333333,11.5984279947,10.6026800575,18.0240868891,21.3314865399,22.9243967558,16.8962156474,42
406277,41,"21A",1,,,39482,1234,36594,548,646,327,23,28,82,30528,703,28886,262,420,195,16,17,29,0,0,0,0,39582,-100,-0.0025,0.0313,0.9269,0.0139,0.0164,0.0083,0.0006,0.0007,0.0021,0.023,0.9462,0.0086,0.0138,0.0064,0.0005,0.0006,0.001,0,0,0,1,270792633.461538,29.0769230769,1.7115384615,2.8846153846,1.5769230769,325.7692307692,82.0576923077,40247.8076923077,2.9703220068,7.8411086451,6.9289997713,11.1780149816,29.1157087331,11.6068308276,52
406294,50,"25B",1,,,39762,1439,32022,2719,149,3142,31,112,148,30254,854,25569,1466,100,2112,17,60,76,0,0,0,0,39582,180,0.0045,0.0362,0.8053,0.0684,0.0037,0.079,0.0008,0.0028,0.0037,0.0282,0.8451,0.0485,0.0033,0.0698,0.0006,0.002,0.0025,0,0,0,4,271090164.777778,29.1851851852,1,3.7037037037,3,164.7777777778,83.3333333333,48674.3703703704,-8.0103793132,-14.7316237427,5.6276986146,5.7958773678,-1.6213942536,-2.5879642654,27
406320,42,"21B",1,,,39733,1302,37539,277,154,401,16,18,26,29789,735,28554,119,96,254,12,12,7,0,0,0,0,39582,151,0.0038,0.0328,0.9448,0.007,0.0039,0.0101,0.0004,0.0005,0.0007,0.0247,0.9585,0.004,0.0032,0.0085,0.0004,0.0004,0.0002,0,0,0,5,271228206.647059,28.5411764706,1.2352941176,3.2235294118,2.5529411765,89,76.6588235294,42190.8,8.0999704173,5.1588836274,10.0980164388,17.0976386307,26.4500880842,13.3809194397,85
406341,73,"37A",1,,,39553,1617,32940,2303,562,1890,26,51,164,30357,921,26530,1182,354,1248,20,25,77,0,0,0,0,39582,-29,-0.0007,0.0409,0.8328,0.0582,0.0142,0.0478,0.0007,0.0013,0.0041,0.0303,0.8739,0.0389,0.0117,0.0411,0.0007,0.0008,0.0025,0,0,0,2,270118371.323529,49.9117647059,4.6764705882,3.6470588235,9.3529411765,3077.205882353,44.8235294118,17377,-6.8496754085,-14.0837993915,-0.1695947362,-0.4521521609,-1.2537999736,-4.5618043341,34
406378,74,"37B",1,,,39686,1176,32356,1771,338,3836,17,73,119,28658,652,24257,936,224,2486,10,27,66,0,0,0,0,39582,104,0.0026,0.0296,0.8153,0.0446,0.0085,0.0967,0.0004,0.0018,0.003,0.0228,0.8464,0.0327,0.0078,0.0867,0.0003,0.0009,0.0023,0,0,0,6,270078454.115385,50.8461538462,5.8076923077,3.2307692308,9.6923076923,2300.2692307692,30.1923076923,11104.2307692308,-1.6753164261,-1.6306460377,5.6405123528,5.7331696529,8.429905444,3.2995249972,26
406411,83,"42A",1,,,39739,1209,33774,1383,274,2893,23,74,109,31501,727,27678,795,201,1982,17,42,59,0,0,0,0,39582,157,0.004,0.0304,0.8499,0.0348,0.0069,0.0728,0.0006,0.0019,0.0027,0.0231,0.8786,0.0252,0.0064,0.0629,0.0005,0.0013,0.0019,0,0,0,3,270931528.125,51.90625,4.5,2.15625,4,1528.125,87.5,38372.3125,-5.3209466244,-9.7273682512,7.2346344207,4.0131930622,1.1239908662,-0.5352993053,32
406444,62,"31B",1,,,39602,639,37277,326,307,970,12,23,48,29376,331,28086,149,231,539,11,8,21,0,0,0,0,39582,20,0.0005,0.0161,0.9413,0.0082,0.0078,0.0245,0.0003,0.0006,0.0012,0.0113,0.9561,0.0051,0.0079,0.0183,0.0004,0.0003,0.0007,0,0,0,5,270181758.685714,42.9714285714,6.3428571429,2.6,10,3187.2571428572,54.3428571429,28635.8285714286,17.3334615485,19.7426549617,20.3766156089,25.3528939259,33.2118339368,23.2034919964,35
406479,76,"38B",1,,,39598,1045,36187,619,219,1386,28,30,84,30456,590,28467,324,160,850,15,17,33,0,0,0,0,39582,16,0.0004,0.0264,0.9139,0.0156,0.0055,0.035,0.0007,0.0008,0.0021,0.0194,0.9347,0.0106,0.0053,0.0279,0.0005,0.0006,0.0011,0,0,0,4,271217741.724138,52.8620689655,4.6206896552,2.6206896552,5.0344827586,1534.8275862069,126.2068965517,50245.2413793104,1.328301469,8.5693906573,15.8453343756,13.6535119101,15.789086224,11.0371249272,29
406510,75,"38A",1,,,39531,850,35435,990,383,1727,21,31,94,28669,481,26134,687,290,998,11,19,49,0,0,0,0,39582,-51,-0.0013,0.0215,0.8964,0.025,0.0097,0.0437,0.0005,0.0008,0.0024,0.0168,0.9116,0.024,0.0101,0.0348,0.0004,0.0007,0.0017,0,0,0,0,270565924.4,52.0666666667,5.7333333333,3.6666666667,8.9333333333,2591.0666666667,67.9333333333,28423.9333333333,6.1303621224,12.3994885592,15.8112812243,17.0614624582,22.5866778806,14.7978544489,30
406544,77,"39A",1,,,39483,681,37357,426,284,622,18,37,58,29125,376,27935,220,194,349,12,15,24,0,0,0,0,39582,-99,-0.0025,0.0172,0.9462,0.0108,0.0072,0.0158,0.0005,0.0009,0.0015,0.0129,0.9591,0.0076,0.0067,0.012,0.0004,0.0005,0.0008,0,0,0,3,271213242.074074,43.0740740741,6.5185185185,2.1111111111,10,279.1111111111,87.7407407407,37925.2592592593,4.6337830664,13.9705411248,13.6014074774,14.2552869213,23.1527018868,13.9227440953,27
406589,64,"32B",1,,,39488,605,37708,295,305,490,26,19,40,28986,346,27994,127,208,268,11,10,22,0,0,0,0,39582,-94,-0.0024,0.0153,0.9549,0.0075,0.0077,0.0124,0.0007,0.0005,0.001,0.0119,0.9658,0.0044,0.0072,0.0092,0.0004,0.0003,0.0008,0,0,0,6,270400024,23.4814814815,7.6296296296,2.9259259259,10,394.3703703704,57.2962962963,37029.6296296296,9.8440881251,2.6706566353,12.8458690645,15.9292609564,20.5386352414,12.3657020045,27
406617,63,"32A",1,,,39917,657,37490,751,506,436,13,18,46,29729,365,28117,582,379,244,6,16,20,0,0,0,0,39582,335,0.0085,0.0165,0.9392,0.0188,0.0127,0.0109,0.0003,0.0005,0.0012,0.0123,0.9458,0.0196,0.0127,0.0082,0.0002,0.0005,0.0007,0,0,0,2,270569104.166667,15.6111111111,7.8888888889,3.0833333333,9.75,215.2777777778,52.8333333333,34932.4166666667,14.7249834602,5.0453481549,13.4912725939,17.769402135,17.1648515297,13.6391715747,36
406643,22,"11B",1,,,39581,873,36359,751,1234,256,23,13,72,30572,595,28319,598,844,155,14,10,37,0,0,0,0,39582,-1,-0,0.0221,0.9186,0.019,0.0312,0.0065,0.0006,0.0003,0.0018,0.0195,0.9263,0.0196,0.0276,0.0051,0.0005,0.0003,0.0012,0,0,0,5,270904313,8.1052631579,8,3.5,9.7631578947,102.4736842105,93.1447368421,34740.7236842105,-0.5766636146,-11.1848702345,-1.5514210085,1.9276197103,3.741610384,-1.5287449527,76
406667,15,"08A",1,,,39861,1333,37238,465,407,325,39,23,31,31393,767,29869,225,281,197,25,13,16,0,0,0,0,39582,279,0.007,0.0334,0.9342,0.0117,0.0102,0.0082,0.001,0.0006,0.0008,0.0244,0.9515,0.0072,0.009,0.0063,0.0008,0.0004,0.0005,0,0,0,2,271048092.434211,9.6973684211,7,2.6052631579,7.1315789474,197.6973684211,175.3289473684,32910.3157894737,10.9462656371,9.4253131255,19.1416715385,17.8555318151,23.8290669537,16.239569814,76
406684,8,"04B",1,,,39709,921,37031,225,1164,281,11,29,47,29785,486,28270,92,731,164,7,16,19,0,0,0,0,39582,127,0.0032,0.0232,0.9326,0.0057,0.0293,0.0071,0.0003,0.0007,0.0012,0.0163,0.9491,0.0031,0.0245,0.0055,0.0002,0.0005,0.0006,0,0,0,5,270613628.333333,5.8421052632,7,2.7105263158,7.7719298246,119.5614035088,98.2368421053,32909.9824561403,-11.1890440461,-34.6939667077,5.039063352,-1.8913330465,-17.2672596681,-12.0005080233,114
406724,4,"02B",1,,,39808,566,33061,209,5754,121,14,25,58,29541,269,25516,77,3579,59,6,14,21,0,0,0,0,39582,226,0.0057,0.0142,0.8305,0.0053,0.1445,0.003,0.0004,0.0006,0.0015,0.0091,0.8637,0.0026,0.1212,0.002,0.0002,0.0005,0.0007,0,0,0,7,270517896.305344,4.1526717557,7.2290076336,2.8396946565,7.9770992366,110.0458015267,97.7175572519,35699.7251908397,3.6451797192,-11.8526040028,7.8637478787,4.9733574456,2.5941260706,1.4447614222,131
406753,2,"01B",1,,,39676,1912,36167,362,853,309,9,22,42,30096,1064,28051,190,537,208,7,14,25,0,0,0,0,39582,94,0.0024,0.0482,0.9116,0.0091,0.0215,0.0078,0.0002,0.0006,0.0011,0.0354,0.9321,0.0063,0.0178,0.0069,0.0002,0.0005,0.0008,0,0,0,4,271119008.173077,1.3269230769,7,2.9358974359,9,162.0192307692,122.8333333333,36068.1346153846,-1.2914718997,-15.6901107098,8.5692139491,-1.1743884801,1.4335508648,-1.6306412551,156
406780,16,"08B",1,,,39457,386,38306,232,274,204,14,17,24,30804,217,30166,94,185,117,6,11,8,0,0,0,0,39582,-125,-0.0032,0.0098,0.9708,0.0059,0.0069,0.0052,0.0004,0.0004,0.0006,0.007,0.9793,0.0031,0.006,0.0038,0.0002,0.0004,0.0003,0,0,0,6,270951724.177778,10.3888888889,7.0555555556,3.0222222222,7,168.6222222222,147.6555555556,33123.9555555556,12.9993241625,11.0721478366,16.49539013,17.5883422116,28.207732037,17.2725872755,90
406814,17,"09A",1,,,39508,463,38055,309,368,218,17,19,59,29991,239,29188,141,247,127,14,14,21,0,0,0,0,39582,-74,-0.0019,0.0117,0.9632,0.0078,0.0093,0.0055,0.0004,0.0005,0.0015,0.008,0.9732,0.0047,0.0082,0.0042,0.0005,0.0005,0.0007,0,0,0,1,271059857.336283,9.2389380531,7.5398230088,2.8407079646,7.5840707965,122.8230088496,113.9646017699,38328.017699115,16.7820924968,0.7612620046,15.4019593738,19.2300640511,20.4296452376,14.5210046328,113
406835,3,"02A",1,,,39725,483,31442,162,7276,243,12,17,90,29665,222,24718,50,4491,137,6,11,30,0,0,0,0,39582,143,0.0036,0.0122,0.7915,0.0041,0.1832,0.0061,0.0003,0.0004,0.0023,0.0075,0.8332,0.0017,0.1514,0.0046,0.0002,0.0004,0.001,0,0,0,3,270443954.213837,2.4088050314,7.3270440252,3.3396226415,8.9622641509,117.7358490566,95.6666666667,37112.3710691824,7.8112868409,-1.7370222668,9.1235342027,3.0966229383,8.7808345172,5.4150512464,159
406865,1,"01A",1,,,39563,811,37155,338,639,560,8,13,39,29990,435,28640,156,387,341,5,9,17,0,0,0,0,39582,-19,-0.0005,0.0205,0.9391,0.0085,0.0162,0.0142,0.0002,0.0003,0.001,0.0145,0.955,0.0052,0.0129,0.0114,0.0002,0.0003,0.0006,0,0,0,0,270979676.988889,1.0666666667,7,3.6166666667,9,121.4333333333,114.1722222222,39039.7666666667,-0.6570208901,-13.2757796146,9.0076842986,-5.4211624564,4.9264627588,-1.0839631807,180
406889,19,"10A",1,,,39314,467,37511,415,552,277,21,28,43,29895,264,28843,192,354,184,15,17,26,0,0,0,0,39582,-268,-0.0068,0.0119,0.9541,0.0106,0.014,0.007,0.0005,0.0007,0.0011,0.0088,0.9648,0.0064,0.0118,0.0062,0.0005,0.0006,0.0009,0,0,0,2,270327341.581395,8.2790697674,8,2.6046511628,9,132.2790697674,104.0465116279,30029.0697674419,11.6911936948,-10.349979662,12.7949231303,14.0582229012,2.6938425023,6.1776405133,43
476560,10,"05B",1,,,39540,376,37584,215,1051,208,24,24,58,31157,222,30005,82,681,122,10,17,18,0,0,0,0,39582,-42,-0.0011,0.0095,0.9505,0.0054,0.0266,0.0053,0.0006,0.0006,0.0015,0.0071,0.963,0.0026,0.0219,0.0039,0.0003,0.0005,0.0006,0,0,0,4,270421640.067961,3.6601941748,8,3.3398058252,8.9611650485,183.7572815534,145.2718446602,36631.4466019417,1.1737571653,-5.3848931095,1.3827764782,-2.4948665021,3.9706365866,-0.2705178763,103
476597,20,"10B",1,,,39388,336,37866,203,779,140,20,13,31,31517,197,30623,95,491,81,13,9,8,0,0,0,0,39582,-194,-0.0049,0.0085,0.9614,0.0052,0.0198,0.0036,0.0005,0.0003,0.0008,0.0063,0.9716,0.003,0.0156,0.0026,0.0004,0.0003,0.0003,0,0,0,6,270304312.145985,6.3649635036,8,3.5474452555,8.7445255474,151.5620437956,115.2919708029,36326.7226277372,1.638964655,-17.9922104825,-1.0667851272,0.6283837741,-0.0852375576,-3.3753769477,137
476628,9,"05A",1,,,39367,675,30097,370,7664,350,18,25,168,30338,337,24696,198,4772,252,13,12,58,0,0,0,0,39582,-215,-0.0054,0.0171,0.7645,0.0094,0.1947,0.0089,0.0005,0.0006,0.0043,0.0111,0.814,0.0065,0.1573,0.0083,0.0004,0.0004,0.0019,0,0,0,0,270339469.848485,3.6363636364,7.8888888889,2.9393939394,9,176.9191919192,143.6868686869,39414.3232323232,3.5593792463,-1.6942409861,4.2222933619,11.3952584012,14.890720545,6.4746821137,99
476664,21,"11A",1,,,39681,532,35173,609,3012,253,11,20,71,30267,312,27289,501,1966,153,8,16,22,0,0,0,0,39582,99,0.0025,0.0134,0.8864,0.0153,0.0759,0.0064,0.0003,0.0005,0.0018,0.0103,0.9016,0.0166,0.065,0.0051,0.0003,0.0005,0.0007,0,0,0,1,270578020.536232,7.231884058,8,4.4057971014,6.8115942029,194.4492753623,110.768115942,34173.6956521739,-29.8317740815,-36.6688697705,-23.2193212335,-31.1034515133,-24.0535606095,-28.9753954417,69
476692,11,"06A",1,,,39501,357,37775,363,733,204,14,7,48,31246,206,30242,148,498,127,5,2,18,0,0,0,0,39582,-81,-0.002,0.009,0.9563,0.0092,0.0186,0.0052,0.0004,0.0002,0.0012,0.0066,0.9679,0.0047,0.0159,0.0041,0.0002,0.0001,0.0006,0,0,0,3,270985526.72449,4.3367346939,8,5,7.2857142857,424.6836734694,186.0714285714,32788.2653061224,-23.0937056385,-34.0303434587,-20.110205498,-28.2589521589,-25.7450930946,-26.2476599697,98
476717,12,"06B",1,,,39616,322,37704,376,910,215,26,10,53,31783,178,30606,209,615,141,12,5,17,0,0,0,0,39582,34,0.0009,0.0081,0.9517,0.0095,0.023,0.0054,0.0007,0.0003,0.0013,0.0056,0.963,0.0066,0.0193,0.0044,0.0004,0.0002,0.0005,0,0,0,7,271370655.727273,5.2857142857,8,5.2857142857,6,655.7272727273,243.2987012987,33919.9220779221,-28.0435648251,-46.7628517221,-24.146744391,-32.0189267162,-34.060334804,-33.0064844917,77
476751,56,"28B",1,,,39893,339,38857,262,138,235,8,21,33,30425,207,29865,103,98,119,7,10,16,0,0,0,0,39582,311,0.0079,0.0085,0.974,0.0066,0.0035,0.0059,0.0002,0.0005,0.0008,0.0068,0.9816,0.0034,0.0032,0.0039,0.0002,0.0003,0.0005,0,0,0,4,270672059.802469,30.4938271605,1,3.3456790123,3,84.4938271605,72.4444444444,35084.1234567901,-4.9010930898,1.2453139393,4.4985884094,8.1182306673,21.4958645518,6.0913808956,81
476768,55,"28A",1,,,39525,686,36829,736,192,994,10,44,34,32556,469,30680,437,159,751,7,34,19,0,0,0,0,39582,-57,-0.0014,0.0174,0.9318,0.0186,0.0049,0.0251,0.0003,0.0011,0.0009,0.0144,0.9424,0.0134,0.0049,0.0231,0.0002,0.001,0.0006,0,0,0,0,271481371.104167,30.3541666667,1,3.25,3,121.1041666667,97.7291666667,51798.375,-12.3137797246,-17.3408611945,-1.8895171095,2.6169323386,2.3680236247,-5.3118404131,48
476786,14,"07B",1,,,39491,640,34963,1421,1772,499,27,40,129,31375,358,28648,696,1222,353,21,20,57,0,0,0,0,39582,-91,-0.0023,0.0162,0.8853,0.036,0.0449,0.0126,0.0007,0.001,0.0033,0.0114,0.9131,0.0222,0.0389,0.0113,0.0007,0.0006,0.0018,0,0,0,4,271284597.678571,6.7142857143,8,2.4285714286,6,311.9642857143,144.1071428571,23037.0714285714,-40.4264347473,-44.655813995,-28.5665899878,-39.7989975211,-37.3545067605,-38.1604686023,28
476814,6,"03B",1,,,39664,479,37547,468,594,470,15,32,59,31310,317,29796,352,451,334,11,18,31,0,0,0,0,39582,82,0.0021,0.0121,0.9466,0.0118,0.015,0.0118,0.0004,0.0008,0.0015,0.0101,0.9516,0.0112,0.0144,0.0107,0.0004,0.0006,0.001,0,0,0,6,271233456.155556,6.2888888889,8,3.5111111111,6,345.0444444444,151.4222222222,29923.0222222222,-28.0269994619,-35.0527110965,-16.845976991,-27.0417208564,-27.1034092331,-26.8141635278,45
476851,13,"07A",1,,,39416,572,35434,1118,1148,916,23,35,170,32540,382,29838,665,814,737,17,17,70,0,0,0,0,39582,-166,-0.0042,0.0145,0.899,0.0284,0.0291,0.0232,0.0006,0.0009,0.0043,0.0117,0.917,0.0204,0.025,0.0226,0.0005,0.0005,0.0022,0,0,0,0,271370258.863636,6.8181818182,8,2.0454545455,6,258.8636363636,143.6363636364,19514.1818181818,-37.9988480063,-37.4503912682,-21.0808693457,-35.3050296803,-32.7788992242,-32.9228075049,22
476877,5,"03A",1,,,39462,361,36617,221,1978,194,22,30,39,32284,211,30391,130,1365,133,11,21,22,0,0,0,0,39582,-120,-0.003,0.0091,0.9279,0.0056,0.0501,0.0049,0.0006,0.0008,0.001,0.0065,0.9414,0.004,0.0423,0.0041,0.0003,0.0006,0.0007,0,0,0,2,270922798.823077,4.7076923077,7.9461538462,3.5769230769,7.1538461538,337.2846153846,131.9230769231,39015.2230769231,-8.9787008562,-28.3490591414,-4.4113230494,-15.6376766365,-18.3928210601,-15.1539161487,130
154478,7,"04A",1,,,39892,1597,35346,1004,848,938,23,48,88,31456,956,28508,608,538,762,16,31,37,0,0,0,0,39582,310,0.0078,0.04,0.886,0.0252,0.0213,0.0235,0.0006,0.0012,0.0022,0.0304,0.9063,0.0193,0.0171,0.0242,0.0005,0.001,0.0012,0,0,0,1,270270174.1,9,7,3.05,7,174.1,136.25,41183.6,-13.125778632,2.8356531303,6.6781413532,-0.4446572518,9.3641101362,1.0614937472,20
154503,44,"22B",1,,,39513,5764,30546,937,177,1949,30,42,68,29679,3366,24322,579,103,1231,25,19,34,0,0,0,0,39582,-69,-0.0017,0.1459,0.7731,0.0237,0.0045,0.0493,0.0008,0.0011,0.0017,0.1134,0.8195,0.0195,0.0035,0.0415,0.0008,0.0006,0.0011,0,0,0,5,270804831.79661,21.8559322034,1.6101694915,2.7288135593,5,86.0338983051,79.1694915254,40097.3898305085,7.4784989735,15.3144237104,10.8104628385,14.3788804811,35.3458105964,16.66561532,118
154531,45,"23A",1,,,39559,1652,37119,205,168,371,16,16,12,30794,928,29411,83,99,247,11,9,6,0,0,0,0,39582,-23,-0.0006,0.0418,0.9383,0.0052,0.0042,0.0094,0.0004,0.0004,0.0003,0.0301,0.9551,0.0027,0.0032,0.008,0.0004,0.0003,0.0002,0,0,0,0,270756177.234783,23.3826086957,1,3.3043478261,5,90.2782608696,63.1913043478,34313.5739130435,14.6786754283,24.4974591675,14.8039209225,21.2108697885,40.2452706131,23.087239184,115
154555,43,"22A",1,,,39615,1044,37410,249,310,514,16,24,48,30043,559,28842,106,196,294,11,13,22,0,0,0,0,39582,33,0.0008,0.0264,0.9443,0.0063,0.0078,0.013,0.0004,0.0006,0.0012,0.0186,0.96,0.0035,0.0065,0.0098,0.0004,0.0004,0.0007,0,0,0,1,271047948.924242,21.4848484848,3,2.4848484848,5.0909090909,70.1363636364,65.1590909091,35013.8712121212,8.7994173434,17.1918007161,15.0891641596,15.5077014883,17.1818954919,14.7539958399,132
154579,31,"16A",1,,,39701,1884,35816,743,513,632,17,38,58,30394,1080,28047,437,319,456,8,19,28,0,0,0,0,39582,119,0.003,0.0475,0.9021,0.0187,0.0129,0.0159,0.0004,0.001,0.0015,0.0355,0.9228,0.0144,0.0105,0.015,0.0003,0.0006,0.0009,0,0,0,3,271042894.789474,20.3070175439,7,2.7631578947,6.9473684211,87.7719298246,76.3596491228,37540.9298245614,2.0978607513,6.8461563578,7.4537980699,7.7148358563,8.6275837947,6.548046966,114
154613,23,"12A",1,,,39736,726,37940,232,510,264,6,25,33,31114,464,29938,125,357,194,5,15,16,0,0,0,0,39582,154,0.0039,0.0183,0.9548,0.0058,0.0128,0.0066,0.0002,0.0006,0.0008,0.0149,0.9622,0.004,0.0115,0.0062,0.0002,0.0005,0.0005,0,0,0,0,271050848.163934,12.1256830601,7,2.7158469945,7.8306010929,83.1366120219,74.8961748634,34273.8142076503,3.4810126876,2.3814411974,9.3922293295,8.8793900002,12.5425924878,7.3353331405,183
154635,32,"16B",1,,,39670,1188,36864,181,1007,348,6,9,67,30563,606,29066,85,585,187,5,4,25,0,0,0,0,39582,88,0.0022,0.0299,0.9293,0.0046,0.0254,0.0088,0.0002,0.0002,0.0017,0.0198,0.951,0.0028,0.0191,0.0061,0.0002,0.0001,0.0008,0,0,0,7,270829246.547368,21.0631578947,4.1578947368,3.2421052632,5.4105263158,88.6526315789,79.6842105263,38713.7684210526,16.9794872621,17.4092627846,18.2820613089,25.8002390309,61.7123356284,28.036677203,95
154659,33,"17A",1,,,39388,2056,36456,250,304,168,109,15,30,30292,1110,28699,110,184,103,63,11,12,0,0,0,0,39582,-194,-0.0049,0.0522,0.9256,0.0063,0.0077,0.0043,0.0028,0.0004,0.0008,0.0366,0.9474,0.0036,0.0061,0.0034,0.0021,0.0004,0.0004,0,0,0,1,271047139.132353,18.75,6.8676470588,3.2867647059,7.5294117647,80.3088235294,74.6617647059,33773.75,1.3166620666,-13.3468276618,4.855880763,6.2542246796,10.4013109455,1.8962501586,136
154697,34,"17B",1,,,39442,4619,33291,1025,186,245,19,28,29,29966,2592,26490,583,115,149,9,13,15,0,0,0,0,39582,-140,-0.0035,0.1171,0.844,0.026,0.0047,0.0062,0.0005,0.0007,0.0007,0.0865,0.884,0.0195,0.0038,0.005,0.0003,0.0004,0.0005,0,0,0,5,270817333.196721,14.0163934426,6.9836065574,3.7049180328,7.9180327869,120.0819672131,107.8196721311,43173.0491803279,5.8874055066,-5.0309821575,10.2954817641,9.0341454649,26.9322186921,9.423653854,61
154715,24,"12B",1,,,39621,1371,37665,206,148,175,15,19,22,29728,730,28715,83,92,89,7,7,5,0,0,0,0,39582,39,0.001,0.0346,0.9506,0.0052,0.0037,0.0044,0.0004,0.0005,0.0006,0.0246,0.9659,0.0028,0.0031,0.003,0.0002,0.0002,0.0002,0,0,0,4,271149023.483516,12.7362637363,6.8241758242,4.0989010989,7.3186813187,122.3846153846,97.4945054945,31468.2857142857,15.9117567427,16.4567187607,16.6712213246,21.6563384441,69.4668768748,28.0325824294,91
154756,35,"18A",1,,,39721,1347,37615,248,174,273,19,24,21,29192,691,28089,103,107,168,10,15,9,0,0,0,0,39582,139,0.0035,0.0339,0.947,0.0062,0.0044,0.0069,0.0005,0.0006,0.0005,0.0237,0.9622,0.0035,0.0037,0.0058,0.0003,0.0005,0.0003,0,0,0,0,271035439.553571,17.375,6.8214285714,3.7142857143,7.1428571429,82.4107142857,72.5714285714,28283.9642857143,12.968445219,8.9856664744,16.3763232288,19.5408513283,36.4951557339,18.8732883969,56
154786,25,"13A",1,,,39582,1159,37298,333,142,557,12,40,41,30608,684,29171,197,100,404,7,22,23,0,0,0,0,39582,0,0,0.0293,0.9423,0.0084,0.0036,0.0141,0.0003,0.001,0.001,0.0223,0.9531,0.0064,0.0033,0.0132,0.0002,0.0007,0.0008,0,0,0,2,271418833.686275,14.8823529412,6.1568627451,3.3333333333,7.3921568627,206.2352941176,151.568627451,40108.5490196078,16.5600015624,-8.3768339695,17.9804053117,20.383350881,13.0627091983,11.9219265968,51
154818,46,"23B",1,,,39479,2575,36225,263,136,238,13,16,13,29883,1411,28109,110,92,137,8,10,6,0,0,0,0,39582,-103,-0.0026,0.0652,0.9176,0.0067,0.0034,0.006,0.0003,0.0004,0.0003,0.0472,0.9406,0.0037,0.0031,0.0046,0.0003,0.0003,0.0002,0,0,0,4,270793319.080808,23.9090909091,1.0909090909,3.595959596,4.1111111111,86.7575757576,63.8585858586,35976.1212121212,6.7895393936,5.2568634684,8.9115361698,13.5251291637,35.7769804151,14.0520097221,99
154853,53,"27A",1,,,39545,3198,35394,322,170,377,14,29,41,30648,1807,28274,148,117,263,11,13,15,0,0,0,0,39582,-37,-0.0009,0.0809,0.895,0.0081,0.0043,0.0095,0.0004,0.0007,0.001,0.059,0.9225,0.0048,0.0038,0.0086,0.0004,0.0004,0.0005,0,0,0,1,270589524.681159,26.4637681159,1,2.4347826087,3.347826087,104.3913043478,66.9420289855,28857.0724637681,-7.8644703637,-8.6252673645,-0.6460150725,-0.3372119901,9.3300109779,-1.6285907626,69
154871,54,"27B",1,,,39743,4144,33560,974,150,740,44,40,91,29696,2310,26251,458,95,501,28,15,38,0,0,0,0,39582,161,0.0041,0.1043,0.8444,0.0245,0.0038,0.0186,0.0011,0.001,0.0023,0.0778,0.884,0.0154,0.0032,0.0169,0.0009,0.0005,0.0013,0,0,0,5,270870123.113208,27.3773584906,1,2.3018867925,3,123.1132075472,83.2452830189,35074.9056603774,-11.6051295563,-20.9090816135,-3.3456976267,-3.5450994494,-6.3901196343,-9.159025576,53
154890,51,"26A",1,,,39637,3272,29304,3707,275,2732,26,86,235,30639,2041,24053,2258,211,1885,22,50,119,0,0,0,0,39582,55,0.0014,0.0825,0.7393,0.0935,0.0069,0.0689,0.0007,0.0022,0.0059,0.0666,0.785,0.0737,0.0069,0.0615,0.0007,0.0016,0.0039,0,0,0,2,271090145.322581,29.8064516129,1,4.0322580645,3,145.3225806452,91.7741935484,53083.2903225806,-7.2768410151,-16.6906608813,4.6776345227,2.6048522176,-5.3020390164,-4.3974108345,31
154926,52,"26B",1,,,39449,801,36568,509,94,1362,15,31,69,29107,449,27442,260,64,837,9,16,30,0,0,0,0,39582,-133,-0.0034,0.0203,0.927,0.0129,0.0024,0.0345,0.0004,0.0008,0.0017,0.0154,0.9428,0.0089,0.0022,0.0288,0.0003,0.0006,0.001,0,0,0,6,271084118.666667,29.5,1,4,3,118.6666666667,81.0833333333,44634.7333333333,7.2621306846,-4.5295042693,13.9227155628,16.5942956995,11.3998775003,8.9299030356,60
154969,37,"19A",1,,,39572,1435,36272,930,192,646,8,30,59,30699,873,28645,536,134,465,6,17,23,0,0,0,0,39582,-10,-0.0003,0.0363,0.9166,0.0235,0.0049,0.0163,0.0002,0.0008,0.0015,0.0284,0.9331,0.0175,0.0044,0.0151,0.0002,0.0006,0.0007,0,0,0,2,270719362.188406,22.9710144928,1.5942028986,3.3768115942,4.5652173913,86.8260869565,67.347826087,38975.0724637681,-0.8532088567,-16.7586028339,4.5529779049,5.8569006032,6.2312313806,-0.1941403604,69
155004,38,"19B",1,,,39704,1090,35185,1762,204,1273,21,48,121,32977,715,29869,1108,154,1007,21,34,69,0,0,0,0,39582,122,0.0031,0.0275,0.8862,0.0444,0.0051,0.0321,0.0005,0.0012,0.003,0.0217,0.9058,0.0336,0.0047,0.0305,0.0006,0.001,0.0021,0,0,0,6,270130143.304348,23.2173913043,1,2.652173913,5,143.3043478261,100.2173913043,40097.2173913043,-14.4138914771,-21.3627003428,-2.3885299772,-4.270172826,-0.19070424,-8.5251997726,23
155028,36,"18B",1,,,39461,2467,36227,240,164,303,18,23,19,29527,1307,27813,111,101,165,8,12,10,0,0,0,0,39582,-121,-0.0031,0.0625,0.918,0.0061,0.0042,0.0077,0.0005,0.0006,0.0005,0.0443,0.942,0.0038,0.0034,0.0056,0.0003,0.0004,0.0003,0,0,0,4,271073275.36,22.04,5.8266666667,3.0133333333,2.0266666667,75.36,64.6533333333,35474.72,21.9000998393,18.4650258274,20.6131900055,27.9756640644,48.9091238689,27.5726207211,75
155057,39,"20A",1,,,39681,1572,36825,350,168,621,20,73,52,28222,854,26654,175,120,339,14,44,22,0,0,0,0,39582,99,0.0025,0.0396,0.928,0.0088,0.0042,0.0157,0.0005,0.0018,0.0013,0.0303,0.9444,0.0062,0.0043,0.012,0.0005,0.0016,0.0008,0,0,0,1,270976487.6875,26.8333333333,2.375,2.5625,1.625,237.6875,60.4583333333,36571.6458333333,11.1891625304,13.8070952365,13.7034131611,17.071905583,9.9395860113,13.1422325045,48
155087,47,"24A",1,,,39465,2822,34317,1530,266,448,11,28,43,29412,1627,26405,853,213,267,10,9,28,0,0,0,0,39582,-117,-0.003,0.0715,0.8696,0.0388,0.0067,0.0114,0.0003,0.0007,0.0011,0.0553,0.8978,0.029,0.0072,0.0091,0.0003,0.0003,0.001,0,0,0,2,271489512.142857,25.7428571429,1.0857142857,2.8857142857,2.9428571429,83.5714285714,60.8285714286,48636.9142857143,10.3555220427,-7.6930554835,12.1155357531,14.7083607494,-7.3489530138,4.4274820096,35
155103,40,"20B",1,,,39549,2155,35635,435,178,1020,34,34,58,30375,1293,27772,285,121,827,21,24,32,0,0,0,0,39582,-33,-0.0008,0.0545,0.901,0.011,0.0045,0.0258,0.0009,0.0009,0.0015,0.0426,0.9143,0.0094,0.004,0.0272,0.0007,0.0008,0.0011,0,0,0,5,271033963.177778,26.7555555556,2,2.5777777778,1.9777777778,407.6222222222,62.0222222222,39281.0222222222,0.1718867375,-1.6418829913,2.9633940893,8.1975330165,2.4059458746,2.4193753453,45
155120,93,"47A",1,,,39470,874,37191,358,180,785,7,14,61,27964,472,26695,164,122,472,5,10,24,0,0,0,0,39582,-112,-0.0028,0.0221,0.9423,0.0091,0.0046,0.0199,0.0002,0.0004,0.0015,0.0169,0.9546,0.0059,0.0044,0.0169,0.0002,0.0004,0.0009,0,0,0,2,270564196.513513,31.1621621622,2.9189189189,3.4594594595,1.5675675676,142.4594594595,71.3783783784,39538.972972973,27.2567354326,34.7673602326,29.4995893567,36.5567526084,40.8774998137,33.7915874888,37
155149,94,"47B",1,,,39523,2393,34233,897,209,1652,9,58,72,27416,1358,24361,445,133,1048,6,27,38,0,0,0,0,39582,-59,-0.0015,0.0605,0.8662,0.0227,0.0053,0.0418,0.0002,0.0015,0.0018,0.0495,0.8886,0.0162,0.0049,0.0382,0.0002,0.001,0.0014,0,0,0,6,270423925.233333,34.9666666667,2.3,3.5,2,591.9,73.3666666667,27953.8,10.5241252709,24.913830154,23.6311535862,25.7057178242,57.3098055888,28.4169264848,30
155183,65,"33A",1,,,39563,892,37088,465,173,846,17,24,58,28852,513,27388,259,124,520,9,16,23,0,0,0,0,39582,-19,-0.0005,0.0225,0.9374,0.0118,0.0044,0.0214,0.0004,0.0006,0.0015,0.0178,0.9493,0.009,0.0043,0.018,0.0003,0.0006,0.0008,0,0,0,0,270629244.72,32.46,3.36,6.22,4.42,1644.72,137.78,43574.16,12.2676962138,24.2387426292,23.4202886855,27.28411948,32.7845558281,23.9990805673,50
240727,67,"34A",1,,,39921,1126,34878,1286,190,2255,21,57,108,28087,622,25172,688,111,1405,12,30,47,0,0,0,0,39582,339,0.0086,0.0282,0.8737,0.0322,0.0048,0.0565,0.0005,0.0014,0.0027,0.0221,0.8962,0.0245,0.004,0.05,0.0004,0.0011,0.0017,0,0,0,1,270674887.53125,34.09375,3.75,5.75,5.3125,1137.53125,89.75,31561.625,10.7480238973,21.1498057126,20.5085463192,24.504892637,30.2777797995,21.4378096731,32
240773,68,"34B",1,,,39890,1099,33752,2093,226,2522,25,63,110,29902,655,26223,1138,156,1626,15,26,63,0,0,0,0,39582,308,0.0078,0.0276,0.8461,0.0525,0.0057,0.0632,0.0006,0.0016,0.0028,0.0219,0.877,0.0381,0.0052,0.0544,0.0005,0.0009,0.0021,0,0,0,5,270531336.911765,35.4411764706,3.0588235294,5.9411764706,4,1336.9117647059,112.0588235294,37403.6470588235,1.3183599015,10.5072489644,14.5537800677,16.762969346,17.9243383246,12.2133393208,34
240808,79,"40A",1,,,39493,3826,15572,13748,299,5481,27,120,420,27864,2211,13225,8436,205,3483,20,69,215,0,0,0,0,39582,-89,-0.0022,0.0969,0.3943,0.3481,0.0076,0.1388,0.0007,0.003,0.0106,0.0794,0.4746,0.3028,0.0074,0.125,0.0007,0.0025,0.0077,0,0,0,2,270530583.793103,45.1379310345,3.2068965517,1.2068965517,4,583.7931034483,34.3103448276,13300.1379310345,-26.3234286675,-25.1665720787,-15.1421212009,-13.008651423,-15.0756857403,-18.9432918221,29
240834,72,"36B",1,,,39423,1031,28009,4628,346,5048,14,116,231,28597,597,21574,2732,228,3260,10,62,134,0,0,0,0,39582,-159,-0.004,0.0262,0.7105,0.1174,0.0088,0.128,0.0004,0.0029,0.0059,0.0209,0.7544,0.0955,0.008,0.114,0.0004,0.0022,0.0047,0,0,0,7,270354295.322581,45.6451612903,3.064516129,3.4516129032,6.1290322581,1714.6774193548,39.8387096774,13692.9032258065,-12.3128647683,-15.7033139023,-2.0187302128,-0.8451141466,-8.0132451937,-7.7786536447,31
240869,71,"36A",1,,,39644,958,34139,2411,336,1554,25,78,143,29337,551,26146,1306,234,981,17,38,64,0,0,0,0,39582,62,0.0016,0.0242,0.8611,0.0608,0.0085,0.0392,0.0006,0.002,0.0036,0.0188,0.8912,0.0445,0.008,0.0334,0.0006,0.0013,0.0022,0,0,0,3,270215466.833333,45.5666666667,3.5,5.9333333333,7.8,2133.5,42,13166.6,-1.7302467158,-4.9248115328,6.7550682328,7.4813719367,5.6545208537,2.6471805549,30
240903,69,"35A",1,,,39608,1257,35091,1670,477,987,9,24,93,29331,752,26644,920,346,598,9,16,46,0,0,0,0,39582,26,0.0007,0.0317,0.886,0.0422,0.012,0.0249,0.0002,0.0006,0.0023,0.0256,0.9084,0.0314,0.0118,0.0204,0.0003,0.0005,0.0016,0,0,0,0,270158167.037037,46.8518518519,5.3333333333,3.8148148148,9.1111111111,2981.8518518519,41.5555555556,21725.9259259259,8.1799080314,19.6631715705,13.4373147021,15.1079108093,28.8419608352,17.0460531897,27
240933,70,"35B",1,,,39439,840,35762,1075,313,1336,15,38,60,27899,460,25819,575,189,792,8,18,38,0,0,0,0,39582,-143,-0.0036,0.0213,0.9068,0.0273,0.0079,0.0339,0.0004,0.001,0.0015,0.0165,0.9254,0.0206,0.0068,0.0284,0.0003,0.0006,0.0014,0,0,0,4,270032820,48.6,5.4,3.72,10,2820,32.8,15189.84,13.0608303096,14.5736769161,18.9783709945,20.8936830911,28.9136632141,19.2840449051,25
240970,61,"31A",1,,,39393,540,37478,354,369,550,14,25,63,28019,285,26992,149,224,314,12,18,25,0,0,0,0,39582,-189,-0.0048,0.0137,0.9514,0.009,0.0094,0.014,0.0004,0.0006,0.0016,0.0102,0.9633,0.0053,0.008,0.0112,0.0004,0.0006,0.0009,0,0,0,1,270636920.242424,28.0303030303,6.6666666667,2.7575757576,10,2071.7575757576,57.696969697,38835.8181818182,20.603545698,20.7298480408,20.703498598,27.0174016554,31.4941717161,24.1096931417,33
240995,29,"15A",1,,,39434,531,36477,231,1913,214,9,18,41,29160,283,27495,89,1134,120,8,13,18,0,0,0,0,39582,-148,-0.0037,0.0135,0.925,0.0059,0.0485,0.0054,0.0002,0.0005,0.001,0.0097,0.9429,0.0031,0.0389,0.0041,0.0003,0.0004,0.0006,0,0,0,0,270814452.5,13.015625,7.65625,3.453125,8.4375,77.5,69.015625,35380.28125,13.4914734803,1.0366728942,9.4920326924,15.3988114246,12.9989030314,10.4835787046,64
241020,48,"24B",1,,,39546,3516,33068,1901,314,637,24,38,48,29657,2027,25577,1354,238,399,15,20,27,0,0,0,0,39582,-36,-0.0009,0.0889,0.8362,0.0481,0.0079,0.0161,0.0006,0.001,0.0012,0.0683,0.8624,0.0457,0.008,0.0135,0.0005,0.0007,0.0009,0,0,0,6,271066207.719298,26.7543859649,1.4210526316,2.4912280702,2.8245614035,67.3684210526,50.5438596491,33897.6140350877,9.6208246533,-2.9391225566,10.9907781986,16.7544137817,8.0041158067,8.4862019767,57
241040,115,"58A",1,,,39504,1209,34772,1278,226,1787,17,89,126,26684,645,23999,662,142,1099,13,50,74,0,0,0,0,39582,-78,-0.002,0.0306,0.8802,0.0324,0.0057,0.0452,0.0004,0.0023,0.0032,0.0242,0.8994,0.0248,0.0053,0.0412,0.0005,0.0019,0.0028,0,0,0,0,270457251.041667,36.125,2,5,1,2251.0416666667,55.7916666667,26229.2083333333,7.852053948,19.9962947575,18.9507132743,20.9948433589,29.6351641062,19.485813889,24
241062,112,"56B",1,,,39728,2607,31392,3271,292,1890,34,63,179,30221,1540,25194,1840,203,1308,20,28,88,0,0,0,0,39582,146,0.0037,0.0656,0.7902,0.0823,0.0073,0.0476,0.0009,0.0016,0.0045,0.051,0.8337,0.0609,0.0067,0.0433,0.0007,0.0009,0.0029,0,0,0,5,270493864.76,37.72,2,5.2,1,1464.76,27.32,17712.48,-1.0903725162,5.8478471093,11.4415526385,12.9344629884,18.3631848227,9.4993350086,25
241093,100,"50B",1,,,39627,2602,30604,3334,280,2516,28,83,180,31903,1624,25985,2083,211,1834,14,50,102,0,0,0,0,39582,45,0.0011,0.0657,0.7723,0.0841,0.0071,0.0635,0.0007,0.0021,0.0045,0.0509,0.8145,0.0653,0.0066,0.0575,0.0004,0.0016,0.0032,0,0,0,7,270537940.827586,44.7931034483,2.9655172414,4.8275862069,3.4827586207,354.6206896552,14,10670.4482758621,-14.8226680481,-25.4444484796,-2.4383898465,-4.373955276,-13.9381354516,-12.2035194203,29
241121,113,"57A",1,,,39286,1730,31862,2629,224,2533,38,112,158,28984,970,24530,1439,159,1720,26,56,84,0,0,0,0,39582,-296,-0.0075,0.044,0.811,0.0669,0.0057,0.0645,0.001,0.0029,0.004,0.0335,0.8463,0.0496,0.0055,0.0593,0.0009,0.0019,0.0029,0,0,0,3,270371817.407407,36.7407407407,2,5.7777777778,1,1817.4074074074,31.3333333333,14849.8518518519,-1.1334690555,5.8379305893,11.7999949719,11.4294496798,21.1915304926,9.8250873356,27
241149,101,"51A",1,,,39687,2586,28941,4433,240,3142,53,103,189,30580,1600,23781,2580,182,2245,32,59,101,0,0,0,0,39582,105,0.0027,0.0652,0.7292,0.1117,0.006,0.0792,0.0013,0.0026,0.0048,0.0523,0.7777,0.0844,0.006,0.0734,0.001,0.0019,0.0033,0,0,0,0,270438678.333333,39.7037037037,2.2592592593,4.2962962963,1.5555555556,1270.9259259259,19.8888888889,14664.2222222222,-12.5258377529,-12.6429541274,1.1165551365,0.0852149773,-1.4180780577,-5.0770199648,27
241179,102,"51B",1,,,39559,1434,32646,1790,215,3212,24,100,138,28686,833,24481,1001,144,2082,14,53,78,0,0,0,0,39582,-23,-0.0006,0.0362,0.8252,0.0452,0.0054,0.0812,0.0006,0.0025,0.0035,0.029,0.8534,0.0349,0.005,0.0726,0.0005,0.0018,0.0027,0,0,0,4,270371968.076923,37.9230769231,2,4.1538461538,1,1968.0769230769,34.3846153846,19203.1538461538,-6.43108296,-4.8114439961,10.1777330597,7.1752332075,6.147907076,2.4516692774,26
241201,114,"57B",1,,,39888,1747,33733,1620,243,2284,30,82,149,28298,953,24796,858,159,1414,19,42,57,0,0,0,0,39582,306,0.0077,0.0438,0.8457,0.0406,0.0061,0.0573,0.0008,0.0021,0.0037,0.0337,0.8762,0.0303,0.0056,0.05,0.0007,0.0015,0.002,0,0,0,7,270419062.037037,38.7037037037,2,5.1481481481,1.3333333333,2395.3703703704,60.7037037037,26064.3703703704,-0.5361611936,-2.1978004929,12.8269337784,12.8006854287,16.6710746473,7.9129464336,27
241233,99,"50A",1,,,39571,6476,25002,4471,360,2870,37,111,244,30967,3895,21517,2882,258,2210,28,59,118,0,0,0,0,39582,-11,-0.0003,0.1637,0.6318,0.113,0.0091,0.0725,0.0009,0.0028,0.0062,0.1258,0.6948,0.0931,0.0083,0.0714,0.0009,0.0019,0.0038,0,0,0,3,270531113.6,56.72,3.8,5,4,1113.6,76.88,25305.32,-26.6616172273,-33.5920939816,-14.7771740554,-18.2052715101,-24.2840982371,-23.5040510023,25
241259,122,"61B",1,,,39454,1716,32633,3087,352,1392,45,73,156,31333,1066,26905,2024,263,915,34,44,82,0,0,0,0,39582,-128,-0.0032,0.0435,0.8271,0.0782,0.0089,0.0353,0.0011,0.0019,0.004,0.034,0.8587,0.0646,0.0084,0.0292,0.0011,0.0014,0.0026,0,0,0,6,270531897.258064,60.4516129032,4.935483871,3.3548387097,4,1897.2580645161,135.8064516129,42923.0967741936,-59.037128975,-56.6214770544,-42.2644749982,-48.7422748606,-55.5553125185,-52.4441336813,31
241298,121,"61A",1,,,39635,1408,33768,1964,274,1929,31,81,180,34676,1106,29959,1575,243,1584,29,57,123,0,0,0,0,39582,53,0.0013,0.0355,0.852,0.0496,0.0069,0.0487,0.0008,0.002,0.0045,0.0319,0.864,0.0454,0.007,0.0457,0.0008,0.0016,0.0035,0,0,0,2,270531793.90625,55.6875,4.8125,3.21875,4,1793.90625,135.9375,41867.25,-59.0249092189,-53.1193260015,-41.3669164514,-46.33504854,-51.090831171,-50.1874062766,32
241339,124,"62B",1,,,39729,9461,19604,7970,794,1276,19,178,427,30034,6016,16843,5362,538,911,15,95,254,0,0,0,0,39582,147,0.0037,0.2381,0.4934,0.2006,0.02,0.0321,0.0005,0.0045,0.0107,0.2003,0.5608,0.1785,0.0179,0.0303,0.0005,0.0032,0.0085,0,0,0,7,270531784.821429,61.0357142857,5,3.5714285714,4,1784.8214285714,135,43000,-73.1117026519,-60.9378699103,-59.815450343,-65.496873033,-70.5341283155,-65.9792048507,28
241367,123,"62A",1,,,39496,9974,14339,10957,2187,1405,24,122,488,30614,6592,13541,7468,1477,1157,19,85,275,0,0,0,0,39582,-86,-0.0022,0.2525,0.363,0.2774,0.0554,0.0356,0.0006,0.0031,0.0124,0.2153,0.4423,0.2439,0.0482,0.0378,0.0006,0.0028,0.009,0,0,0,3,270531690.384615,60.8076923077,5,3.6153846154,4,1690.3846153846,135,43000,-73.6897418302,-67.2698684027,-61.5739632394,-67.450173616,-65.5495244844,-67.1066543145,26
241393,126,"63B",1,,,39503,4370,28950,3581,617,1582,14,158,231,30888,2560,24305,2251,431,1123,11,81,126,0,0,0,0,39582,-79,-0.002,0.1106,0.7329,0.0907,0.0156,0.04,0.0004,0.004,0.0058,0.0829,0.7869,0.0729,0.014,0.0364,0.0004,0.0026,0.0041,0,0,0,4,270551996.111111,61.5555555556,4.8518518519,4.2222222222,3.8148148148,1996.1111111111,139.7037037037,44287.962962963,-45.4854360576,-49.5073854471,-31.5216581372,-38.1337601948,-44.3133532945,-41.7923186262,27
241429,125,"63A",1,,,39668,4453,27824,4382,1274,1300,22,108,305,31797,2715,24021,2936,939,941,19,59,167,0,0,0,0,39582,86,0.0022,0.1123,0.7014,0.1105,0.0321,0.0328,0.0006,0.0027,0.0077,0.0854,0.7554,0.0923,0.0295,0.0296,0.0006,0.0019,0.0053,0,0,0,0,270619133.75,61.875,4.875,4.0625,3.75,1633.75,133.5,44217.65625,-65.3184645053,-62.3058912887,-52.3041371619,-60.7656059498,-64.0817476682,-60.9551693148,32
207085,110,"55B",1,,,39435,971,35942,532,726,1088,15,69,92,28022,523,26035,279,456,648,9,33,39,0,0,0,0,39582,-147,-0.0037,0.0246,0.9114,0.0135,0.0184,0.0276,0.0004,0.0018,0.0023,0.0187,0.9291,0.01,0.0163,0.0231,0.0003,0.0012,0.0014,0,0,0,7,271307907.185185,33.5925925926,2,2.8148148148,1,129.4074074074,62.0740740741,43393.4814814815,17.2564316563,21.2918701575,23.8228855027,31.2450611003,35.3365691369,25.7905635108,27
207112,109,"55A",1,,,39368,3449,29263,1827,484,4072,16,112,145,27439,2031,21324,978,348,2612,9,56,81,0,0,0,0,39582,-214,-0.0054,0.0876,0.7433,0.0464,0.0123,0.1034,0.0004,0.0028,0.0037,0.074,0.7771,0.0356,0.0127,0.0952,0.0003,0.002,0.003,0,0,0,3,271068493.416667,35.2916666667,2.0833333333,3.125,1.25,160.0833333333,70.25,45393.9166666667,5.576300893,16.157447916,16.2491467252,21.1904214168,37.1353095078,19.2617252918,24
207139,111,"56A",1,,,39640,2279,30540,2788,281,3341,94,100,217,27745,1362,22332,1484,171,2194,52,55,95,0,0,0,0,39582,58,0.0015,0.0575,0.7704,0.0703,0.0071,0.0843,0.0024,0.0025,0.0055,0.0491,0.8049,0.0535,0.0062,0.0791,0.0019,0.002,0.0034,0,0,0,1,271012142.782609,37.2173913043,2.1304347826,4.347826087,1.3913043478,403.652173913,48.0434782609,35911.652173913,2.5916575841,5.0319051129,14.2485732574,16.9736682874,18.286165116,11.4263938716,23
207168,66,"33B",1,,,39576,778,37086,507,146,965,17,39,38,29622,470,28087,286,103,623,11,22,20,0,0,0,0,39582,-6,-0.0002,0.0197,0.9371,0.0128,0.0037,0.0244,0.0004,0.001,0.001,0.0159,0.9482,0.0097,0.0035,0.021,0.0004,0.0007,0.0007,0,0,0,4,270467441.108108,33.7567567568,2.7837837838,5.4864864865,3.4324324324,1765.4324324324,135.972972973,40583.5675675676,5.2822204123,20.4095563702,20.516764861,22.3432548307,39.0036149854,21.5110822919,37
207203,96,"48B",1,,,39688,1285,30839,2424,147,4744,25,79,145,28941,779,23341,1366,97,3226,12,34,86,0,0,0,0,39582,106,0.0027,0.0324,0.777,0.0611,0.0037,0.1195,0.0006,0.002,0.0037,0.0269,0.8065,0.0472,0.0034,0.1115,0.0004,0.0012,0.003,0,0,0,5,270650480.782609,39.6086956522,2.6956521739,4.4782608696,3.2173913043,480.7826086957,50.6956521739,22821.652173913,-1.8862497234,11.7724741598,15.752418733,16.3754263631,32.0473660678,14.81228712,23
207225,95,"48A",1,,,39458,914,34786,1708,152,1690,13,58,137,29709,530,27022,875,96,1074,10,33,69,0,0,0,0,39582,-124,-0.0031,0.0232,0.8816,0.0433,0.0039,0.0428,0.0003,0.0015,0.0035,0.0178,0.9096,0.0295,0.0032,0.0362,0.0003,0.0011,0.0023,0,0,0,1,270513115.810811,39.8378378378,2.9189189189,5.6216216216,3.8378378378,1494.1891891892,104.2432432432,32190.1081081081,-8.6672322869,-5.7103698155,8.5240544051,7.7342789967,11.5242701086,2.6810002816,37
207256,88,"44B",1,,,39567,947,34343,2171,200,1695,13,53,145,31319,603,27956,1325,151,1166,9,29,80,0,0,0,0,39582,-15,-0.0004,0.0239,0.868,0.0549,0.0051,0.0428,0.0003,0.0013,0.0037,0.0193,0.8926,0.0423,0.0048,0.0372,0.0003,0.0009,0.0026,0,0,0,6,270532222.236842,40.1842105263,3.2105263158,5.5,4,2222.2368421053,158.4210526316,46883.8947368421,-12.0517624589,-5.2936397967,4.9716438597,2.8488137243,2.6356562632,-1.3778576817,38
207291,87,"44A",1,,,39542,1003,32683,1650,144,3836,22,88,116,29301,602,25013,981,97,2489,15,40,64,0,0,0,0,39582,-40,-0.001,0.0254,0.8265,0.0417,0.0036,0.097,0.0006,0.0022,0.0029,0.0205,0.8537,0.0335,0.0033,0.0849,0.0005,0.0014,0.0022,0,0,0,2,270532211.785714,39.5,3,5.75,4,2211.7857142857,167.1428571429,49345.8571428571,-3.0592154258,9.0121269446,13.4230952505,14.0081073886,17.0193810181,10.0806990352,28
207320,98,"49B",1,,,39653,1132,32626,2226,198,3210,8,69,184,32886,740,28023,1418,143,2413,8,43,98,0,0,0,0,39582,71,0.0018,0.0285,0.8228,0.0561,0.005,0.081,0.0002,0.0017,0.0046,0.0225,0.8521,0.0431,0.0043,0.0734,0.0002,0.0013,0.003,0,0,0,4,270574732.897436,42.0769230769,3,5.3846153846,3.8461538462,630.3333333333,47.2051282051,18358.8205128205,-8.9800924532,-6.7769736564,8.6516378725,5.2268490178,3.742574569,0.3727990699,39
207357,97,"49A",1,,,39599,829,35660,991,119,1819,21,84,76,29387,482,27003,589,95,1126,12,37,43,0,0,0,0,39582,17,0.0004,0.0209,0.9005,0.025,0.003,0.0459,0.0005,0.0021,0.0019,0.0164,0.9189,0.02,0.0032,0.0383,0.0004,0.0013,0.0015,0,0,0,0,270531372.878788,46.3636363636,3.7272727273,5.1212121212,4,1372.8787878788,96.2424242424,28791.0303030303,-24.4188377454,-15.585967022,-5.0872738478,-9.6495031655,-13.6784045288,-13.6839972619,33
207389,92,"46B",1,,,39414,2249,29671,4357,297,2455,23,120,242,31864,1396,25360,2757,219,1906,14,70,142,0,0,0,0,39582,-168,-0.0042,0.0571,0.7528,0.1105,0.0075,0.0623,0.0006,0.003,0.0061,0.0438,0.7959,0.0865,0.0069,0.0598,0.0004,0.0022,0.0045,0,0,0,7,270531937.758621,43.724137931,4.2413793103,4.6551724138,4,1937.7586206897,145,41124.6896551724,-30.6572466884,-26.4922675156,-12.9439130884,-15.9834707399,-21.6255868544,-21.5404969774,29
207416,91,"46A",1,,,39386,1647,31932,3175,295,2013,42,113,169,31529,1006,26606,2031,220,1484,29,67,86,0,0,0,0,39582,-196,-0.005,0.0418,0.8107,0.0806,0.0075,0.0511,0.0011,0.0029,0.0043,0.0319,0.8439,0.0644,0.007,0.0471,0.0009,0.0021,0.0027,0,0,0,3,270532277.058824,44.7352941176,4.3529411765,2.8823529412,4,2277.0588235294,168.3823529412,47786.0588235294,-32.3695132534,-28.9760854945,-16.7760744346,-20.3963782923,-23.1871446324,-24.3410392214,34
207451,90,"45B",1,,,39398,1592,30972,4635,310,1582,18,76,213,31173,955,25802,2925,222,1102,17,43,107,0,0,0,0,39582,-184,-0.0046,0.0404,0.7861,0.1176,0.0079,0.0402,0.0005,0.0019,0.0054,0.0306,0.8277,0.0938,0.0071,0.0354,0.0005,0.0014,0.0034,0,0,0,4,270531482.586207,47.4827586207,4.7931034483,1.6551724138,4,1482.5862068966,109.3103448276,34164.7586206897,-37.1440261854,-36.1192149734,-24.6095709333,-27.2239402241,-30.1213636063,-31.0436231845,29
207488,89,"45A",1,,,39496,2591,29114,5289,328,1811,23,56,284,30954,1525,24447,3232,235,1313,15,38,149,0,0,0,0,39582,-86,-0.0022,0.0656,0.7371,0.1339,0.0083,0.0459,0.0006,0.0014,0.0072,0.0493,0.7898,0.1044,0.0076,0.0424,0.0005,0.0012,0.0048,0,0,0,0,270531647.757576,44.0606060606,4.2121212121,2.3636363636,4,1647.7575757576,116.9696969697,34981.8181818182,-21.3199221428,-19.2211708121,-9.7265261751,23.5228003009,23.1217158334,-0.7246205991,33
207522,27,"14A",1,,,39770,942,33627,3165,287,1570,14,49,116,30732,512,27078,1745,182,1122,8,26,59,0,0,0,0,39582,188,0.0047,0.0237,0.8455,0.0796,0.0072,0.0395,0.0004,0.0012,0.0029,0.0167,0.8811,0.0568,0.0059,0.0365,0.0003,0.0008,0.0019,0,0,0,1,271446652.393939,14.8484848485,6,2.5151515152,7.2727272727,288.7575757576,208.4848484848,53345.4545454545,0.6667327968,-5.4447783093,7.4417505426,6.260044962,14.0662019298,4.5979903844,33
207555,57,"29A",1,,,39347,732,37660,316,176,366,15,38,44,28565,409,27668,138,121,184,7,19,19,0,0,0,0,39582,-235,-0.0059,0.0186,0.9571,0.008,0.0045,0.0093,0.0004,0.001,0.0011,0.0143,0.9686,0.0048,0.0042,0.0064,0.0002,0.0007,0.0007,0,0,0,1,271454363.541667,19.8125,5.8333333333,3.6875,8.375,196.875,87.8333333333,34203.9583333333,20.1405743573,20.5370009206,21.8657273715,27.7719689297,36.6446788253,25.3919900809,48
207597,58,"29B",1,,,39336,1255,36675,589,279,448,14,31,45,28010,696,26561,269,193,250,8,14,19,0,0,0,0,39582,-246,-0.0062,0.0319,0.9324,0.015,0.0071,0.0114,0.0004,0.0008,0.0011,0.0248,0.9483,0.0096,0.0069,0.0089,0.0003,0.0005,0.0007,0,0,0,5,271655531,18.4090909091,6,2.6363636364,10,76.4545454545,60.2272727273,24398.3636363636,18.8959870342,14.7944765434,22.3996354881,27.4891301602,31.4747619266,23.0107982305,22
207629,28,"14B",1,,,39758,1001,33546,3103,462,1472,13,33,128,33318,681,28833,2078,366,1257,9,20,74,0,0,0,0,39582,176,0.0044,0.0252,0.8438,0.078,0.0116,0.037,0.0003,0.0008,0.0032,0.0204,0.8654,0.0624,0.011,0.0377,0.0003,0.0006,0.0022,0,0,0,5,270991153.595238,14.8333333333,6,2.9285714286,7.4285714286,201.2142857143,149.380952381,53662.619047619,-1.5221080259,-13.0864930974,3.4548732056,5.9651800735,11.8871155473,1.3397135406,42
207673,26,"13B",1,,,39623,551,37679,495,167,641,24,30,36,28790,277,27749,220,117,371,17,14,25,0,0,0,0,39582,41,0.001,0.0139,0.9509,0.0125,0.0042,0.0162,0.0006,0.0008,0.0009,0.0096,0.9638,0.0076,0.0041,0.0129,0.0006,0.0005,0.0009,0,0,0,6,270909241.880952,14,6.0952380952,2.8571428571,7,194.2619047619,135.3333333333,47868.6666666667,11.8903321303,1.4004712965,15.2620493861,16.3353646546,18.4662116803,12.6708858296,42
207718,18,"09B",1,,,39536,1480,37285,228,251,183,48,17,44,29812,815,28573,100,153,105,34,9,23,0,0,0,0,39582,-46,-0.0012,0.0374,0.9431,0.0058,0.0063,0.0046,0.0012,0.0004,0.0011,0.0273,0.9584,0.0034,0.0051,0.0035,0.0011,0.0003,0.0008,0,0,0,5,270993418.8,12.1294117647,7.6352941176,3.1882352941,7.2352941176,124.6823529412,115.6235294118,36015.7882352941,18.1447137159,0.1022947639,12.1840516623,17.8806938678,13.8382498495,12.4300007719,85
207738,30,"15B",1,,,39699,459,38526,202,222,218,18,12,42,28072,236,27436,92,150,121,5,9,23,0,0,0,0,39582,117,0.003,0.0116,0.9705,0.0051,0.0056,0.0055,0.0005,0.0003,0.0011,0.0084,0.9773,0.0033,0.0053,0.0043,0.0002,0.0003,0.0008,0,0,0,4,270918227.074074,15.4444444444,6.4814814815,2.6481481481,8.0555555556,78.9259259259,64.037037037,31683,22.1136072613,10.145963769,18.9597683829,25.4422514518,22.5219460228,19.8367073776,54
207768,60,"30B",1,,,39416,821,36265,917,227,1078,34,26,48,26203,439,24478,445,142,641,18,16,24,0,0,0,0,39582,-166,-0.0042,0.0208,0.9201,0.0233,0.0058,0.0273,0.0009,0.0007,0.0012,0.0168,0.9342,0.017,0.0054,0.0245,0.0007,0.0006,0.0009,0,0,0,6,271320830.368421,28.0526315789,5.3684210526,3.7368421053,8.4210526316,304.0526315789,68.3684210526,25773.5789473684,19.7886163297,24.5269813657,24.6667021714,30.3745271837,38.2538442962,27.5221342693,19
207799,59,"30A",1,,,39450,1232,36147,875,350,720,18,40,68,27706,736,25837,449,225,402,9,25,23,0,0,0,0,39582,-132,-0.0033,0.0312,0.9163,0.0222,0.0089,0.0183,0.0005,0.001,0.0017,0.0266,0.9325,0.0162,0.0081,0.0145,0.0003,0.0009,0.0008,0,0,0,2,271278462.478261,29.4782608696,5.8695652174,2.4782608696,9.7391304348,636.3913043478,46.6086956522,22664.6086956522,19.4248175175,22.588019651,22.3717122793,27.8400605721,36.5660744497,25.7581368939,23
262961,118,"59B",1,,,39622,2506,15455,16050,702,4176,35,93,605,30949,1638,14657,10908,542,2764,28,53,359,0,0,0,0,39582,40,0.001,0.0632,0.3901,0.4051,0.0177,0.1054,0.0009,0.0023,0.0153,0.0529,0.4736,0.3525,0.0175,0.0893,0.0009,0.0017,0.0116,0,0,0,5,270531569.791667,56.1666666667,5,2.375,4,1569.7916666667,129.1666666667,41155.5,-64.348140049,-59.6691387949,-48.7014346972,-53.2674386971,-55.8857098555,-56.3743724187,24
262998,117,"59A",1,,,39653,3012,14288,15595,821,5065,15,140,717,27104,1763,12350,9180,571,2819,12,73,336,0,0,0,0,39582,71,0.0018,0.076,0.3603,0.3933,0.0207,0.1277,0.0004,0.0035,0.0181,0.065,0.4557,0.3387,0.0211,0.104,0.0004,0.0027,0.0124,0,0,0,1,270512402.884615,55.8846153846,4.8461538462,1.7307692308,4.2307692308,1633.6538461539,126.5384615385,40435.6153846154,-60.2445052694,-60.7108293724,-48.1251281857,-50.6156425513,-54.9809342976,-54.9354079353,26
263022,80,"40B",1,,,39573,3328,18744,10284,379,6401,19,104,314,28719,1951,16105,6179,270,3974,14,63,163,0,0,0,0,39582,-9,-0.0002,0.0841,0.4737,0.2599,0.0096,0.1618,0.0005,0.0026,0.0079,0.0679,0.5608,0.2152,0.0094,0.1384,0.0005,0.0022,0.0057,0,0,0,6,270473465.961538,47.7692307692,3.7692307692,1.3461538462,4.6923076923,1158.2692307692,47.1153846154,17796.3076923077,-33.0162860081,-34.6372649304,-23.0568923445,-23.0411580933,-24.0057970164,-27.5514796785,26
263051,120,"60B",1,,,39575,1264,25215,7609,416,4712,31,99,229,36218,1062,24576,5410,344,4526,30,89,181,0,0,0,0,39582,-7,-0.0002,0.0319,0.6371,0.1923,0.0105,0.1191,0.0008,0.0025,0.0058,0.0293,0.6786,0.1494,0.0095,0.125,0.0008,0.0025,0.005,0,0,0,6,270618901.291667,59.75,4.875,3.8333333333,3.75,1401.2916666667,131.875,43947.4166666667,-62.2377515679,-52.0380801866,-46.5368385737,-55.2646224081,-51.4501667786,-53.505491903,24
263080,119,"60A",1,,,39625,4230,27143,5000,960,1835,27,131,299,32196,2832,23956,2995,708,1424,21,92,168,0,0,0,0,39582,43,0.0011,0.1068,0.685,0.1262,0.0242,0.0463,0.0007,0.0033,0.0075,0.088,0.7441,0.093,0.022,0.0442,0.0007,0.0029,0.0052,0,0,0,2,270483623.333333,56.962962963,4.962962963,2.5925925926,4.8148148148,1771.4814814815,123.5185185185,39630.0740740741,-50.5261139527,-49.0857559415,-38.2328781155,-43.8101758988,-47.2871053381,-45.7884058493,27
263108,82,"41B",1,,,39579,3333,28773,4306,544,2267,26,99,231,31122,1985,24361,2522,396,1659,18,60,121,0,0,0,0,39582,-3,-0.0001,0.0842,0.727,0.1088,0.0137,0.0573,0.0007,0.0025,0.0058,0.0638,0.7828,0.081,0.0127,0.0533,0.0006,0.0019,0.0039,0,0,0,4,270501131.37931,52.4137931034,4.7586206897,2.8275862069,6.1379310345,2165.8620689655,85.8620689655,31110.3448275862,-27.1360244962,-29.1497241341,-16.6025573993,-21.7514814055,-24.514626032,-23.8308826934,29
263130,81,"41A",1,,,39540,2377,29639,4259,552,2294,24,140,255,30630,1368,24659,2382,402,1576,17,91,135,0,0,0,0,39582,-42,-0.0011,0.0601,0.7496,0.1077,0.014,0.058,0.0006,0.0035,0.0064,0.0447,0.8051,0.0778,0.0131,0.0515,0.0006,0.003,0.0044,0,0,0,0,270333111.617647,50.6764705882,4.6176470588,2.9705882353,7.5294117647,3111.6176470588,65.5882352941,28694.8823529412,-20.7866251783,-26.5769572423,-12.0377829047,-14.4462183427,-16.3011932194,-18.0297553775,34
263162,128,"64B",1,,,39670,1564,33017,3031,215,1593,18,103,129,31904,1046,27234,2241,166,1053,10,68,86,0,0,0,0,39582,88,0.0022,0.0394,0.8323,0.0764,0.0054,0.0402,0.0005,0.0026,0.0033,0.0328,0.8536,0.0702,0.0052,0.033,0.0003,0.0021,0.0027,0,0,0,7,271063782.407407,61.962962963,4.1481481481,4.4074074074,2.2222222222,1189.8148148148,133.5925925926,53617.6666666667,-46.492830473,-46.4739282293,-27.9196538937,-36.9998331828,-43.5899428005,-40.2952377159,27
263186,127,"64A",1,,,39630,1651,32408,3039,353,1918,36,64,161,33594,1162,28146,2283,305,1522,21,50,105,0,0,0,0,39582,48,0.0012,0.0417,0.8178,0.0767,0.0089,0.0484,0.0009,0.0016,0.0041,0.0346,0.8378,0.068,0.0091,0.0453,0.0006,0.0015,0.0031,0,0,0,3,271120394.210526,63.6052631579,4.1578947368,4.0526315789,2.3157894737,920.5263157895,133.9473684211,54056.7894736842,-58.4557161876,-55.1060490124,-40.7724517405,-50.2734432652,-56.3707219673,-52.1956764346,38
263224,104,"52B",1,,,39651,3205,32661,1704,262,1588,47,63,121,29997,1853,25793,971,191,1055,36,32,66,0,0,0,0,39582,69,0.0017,0.0808,0.8237,0.043,0.0066,0.04,0.0012,0.0016,0.0031,0.0618,0.8599,0.0324,0.0064,0.0352,0.0012,0.0011,0.0022,0,0,0,5,270634635.861111,44.3611111111,3.0277777778,3.4166666667,2.6388888889,2413.6388888889,94.8333333333,38940.3055555556,-11.6677424904,-24.1813503479,-0.1502320632,0.0027034725,-10.4039623408,-9.280116754,36
263259,103,"52A",1,,,39400,5287,30805,1906,374,840,39,38,111,30593,3234,25325,1136,266,545,27,16,44,0,0,0,0,39582,-182,-0.0046,0.1342,0.7819,0.0484,0.0095,0.0213,0.001,0.001,0.0028,0.1057,0.8278,0.0371,0.0087,0.0178,0.0009,0.0005,0.0014,0,0,0,1,270581052.758621,46.5517241379,3.9310344828,2.9310344828,1.2413793103,3466.5517241379,145.4482758621,57960.6206896552,-27.8616675875,-32.8300982822,-14.0640163418,-17.8146638014,-26.5011474849,-23.8143186996,29
263290,130,"65B",1,,,39412,6447,21570,6353,645,3960,26,77,334,30314,4091,19172,3936,491,2366,23,55,180,0,0,0,0,39582,-170,-0.0043,0.1636,0.5473,0.1612,0.0164,0.1005,0.0007,0.002,0.0085,0.135,0.6324,0.1298,0.0162,0.078,0.0008,0.0018,0.0059,0,0,0,6,271135726.666667,62.1666666667,4,4.1944444444,1.8888888889,1282.2222222222,141.25,58164.1111111111,-52.3710010517,-49.6048689259,-36.8355614966,-43.8400614996,-47.3787729479,-46.0060531843,36
263323,131,"66A",1,,,39435,1769,30636,2640,300,3836,19,68,167,31995,1142,25983,1712,213,2779,16,49,101,0,0,0,0,39582,-147,-0.0037,0.0449,0.7769,0.0669,0.0076,0.0973,0.0005,0.0017,0.0042,0.0357,0.8121,0.0535,0.0067,0.0869,0.0005,0.0015,0.0032,0,0,0,1,271134258.965517,58.6551724138,4.1379310345,2.6551724138,2.275862069,810.6896551724,115.8620689655,49170.5517241379,-36.5196636353,-34.6888014373,-20.0712716647,-29.6470029774,-34.5164756997,-31.0886430829,29
263359,129,"65A",1,,,39531,3134,14252,12983,546,7890,18,98,610,28100,1918,12242,8362,394,4800,10,49,325,0,0,0,0,39582,-51,-0.0013,0.0793,0.3605,0.3284,0.0138,0.1996,0.0005,0.0025,0.0154,0.0683,0.4357,0.2976,0.014,0.1708,0.0004,0.0017,0.0116,0,0,0,2,271230869.642857,65.0714285714,4,3.6071428571,2,869.6428571429,140,58000,-62.6903160206,-59.0260037549,-46.6443648563,-55.8143128456,-58.3768614515,-56.5103717858,28
263392,132,"66B",1,,,39440,3949,17518,7364,572,9571,27,67,372,28162,2445,14938,4506,397,5647,17,37,175,0,0,0,0,39582,-142,-0.0036,0.1001,0.4442,0.1867,0.0145,0.2427,0.0007,0.0017,0.0094,0.0868,0.5304,0.16,0.0141,0.2005,0.0006,0.0013,0.0062,0,0,0,5,271231042.903226,64.8064516129,4,3.7419354839,2,1042.9032258065,131.2903225806,55581.8064516129,-53.4868227623,-52.5346852225,-37.2074599899,-43.995053209,-47.5760698141,-46.9600181996,31
263432,84,"42B",1,,,39768,1455,32014,2169,274,3617,15,72,152,31673,915,26677,1335,202,2409,11,39,85,0,0,0,0,39582,186,0.0047,0.0366,0.805,0.0545,0.0069,0.091,0.0004,0.0018,0.0038,0.0289,0.8423,0.0421,0.0064,0.0761,0.0003,0.0012,0.0027,0,0,0,7,271230745,53.4705882353,4,2.5294117647,2,745,107.9411764706,47547.4705882353,-10.8011263527,-12.2943183793,4.8591503783,-1.615242124,-7.0132168103,-5.3729506576,34
263465,116,"58B",1,,,39788,1046,36501,698,246,1133,24,51,89,28061,554,26262,344,160,674,14,22,31,0,0,0,0,39582,206,0.0052,0.0263,0.9174,0.0175,0.0062,0.0285,0.0006,0.0013,0.0022,0.0197,0.9359,0.0123,0.0057,0.024,0.0005,0.0008,0.0011,0,0,0,4,270518696.4,36.6181818182,2,2.2909090909,1.3454545455,2150.9454545455,76.6545454545,35228.8545454545,6.257298197,7.3975612371,12.0188624993,17.3367384039,27.0765398512,14.0174000377,55
263488,107,"54A",1,,,39741,2943,32369,1870,372,2006,27,54,100,29079,1681,24893,983,236,1185,20,24,57,0,0,0,0,39582,159,0.004,0.0741,0.8145,0.0471,0.0094,0.0505,0.0007,0.0014,0.0025,0.0578,0.856,0.0338,0.0081,0.0408,0.0007,0.0008,0.002,0,0,0,2,271263264.424242,53.8484848485,2.8484848485,3.8787878788,7.0606060606,1143.2121212121,90.0303030303,35723.2727272727,-8.0141418016,-9.8182043521,1.9934197422,2.7128750558,6.1928883908,-1.386632593,33
263523,108,"54B",1,,,39742,1146,36160,1039,323,944,23,33,74,29373,627,27319,569,222,565,17,17,37,0,0,0,0,39582,160,0.004,0.0288,0.9099,0.0261,0.0081,0.0238,0.0006,0.0008,0.0019,0.0213,0.9301,0.0194,0.0076,0.0192,0.0006,0.0006,0.0013,0,0,0,6,271186471.735294,54.9705882353,3.2941176471,2.7352941176,6.8235294118,1177.6176470588,77.5588235294,30894.7352941176,-5.5568418153,4.8891061739,5.248769429,39.6211789405,52.4057698185,19.3215965093,34
263549,134,"67B",1,,,39746,5105,18039,7893,621,7536,26,95,431,28181,3057,15353,4725,427,4354,23,49,193,0,0,0,0,39582,164,0.0041,0.1284,0.4539,0.1986,0.0156,0.1896,0.0007,0.0024,0.0108,0.1085,0.5448,0.1677,0.0152,0.1545,0.0008,0.0017,0.0068,0,0,0,4,271190127.03125,63.9375,4,5.25,2.1875,1377.03125,133.75,56185,-45.7656742636,-45.9270671028,-32.2089445682,-36.1080800967,-40.6175247147,-40.1254581492,32
263579,105,"53A",1,,,39648,2158,30579,3079,321,3296,14,39,162,30347,1286,24644,1926,226,2150,9,19,87,0,0,0,0,39582,66,0.0017,0.0544,0.7713,0.0777,0.0081,0.0831,0.0004,0.001,0.0041,0.0424,0.8121,0.0635,0.0074,0.0708,0.0003,0.0006,0.0029,0,0,0,1,271430640.464286,58.8214285714,4.4285714286,5.0357142857,6,640.4642857143,132.5357142857,54016.2857142857,-22.0398031327,-29.317202834,-8.0478910628,-11.4052263943,-18.2954738705,-17.8211194589,28
263610,133,"67A",1,,,39453,5160,15887,6138,684,11061,30,43,450,26571,2967,13372,3378,484,6150,20,21,179,0,0,0,0,39582,-129,-0.0033,0.1308,0.4027,0.1556,0.0173,0.2804,0.0008,0.0011,0.0114,0.1117,0.5033,0.1271,0.0182,0.2315,0.0008,0.0008,0.0067,0,0,0,0,271231168,64.88,4,6,2,1168,128.8,55181.12,-45.5901800416,-50.8241673154,-31.7655230759,-34.0539711702,-40.8743230011,-40.6216329208,25
263637,85,"43A",1,,,39719,1718,31563,2470,259,3457,27,54,171,30250,979,25488,1366,180,2100,16,29,92,0,0,0,0,39582,137,0.0035,0.0433,0.7947,0.0622,0.0065,0.087,0.0007,0.0014,0.0043,0.0324,0.8426,0.0452,0.006,0.0694,0.0005,0.001,0.003,0,0,0,2,271325342.263158,55.4210526316,4.1052631579,4.0263157895,3.8947368421,605.4210526316,110.7368421053,48000.7105263158,-18.4289544811,-18.5983249165,-4.3662649728,-7.1127786436,-9.7291214422,-11.6470888913,38
263672,86,"43B",1,,,39688,1844,31043,3086,292,3220,29,38,136,30176,1077,25138,1663,213,1978,21,27,59,0,0,0,0,39582,106,0.0027,0.0465,0.7822,0.0778,0.0074,0.0811,0.0007,0.001,0.0034,0.0357,0.833,0.0551,0.0071,0.0655,0.0007,0.0009,0.002,0,0,0,6,271401900.75,56.5,4.1428571429,4.6785714286,5.4285714286,472.1785714286,113.5,46935.7142857143,-17.7652443907,-27.3517331714,-4.4753585963,-6.1005146805,-14.9573321932,-14.1300366064,28
263705,106,"53B",1,,,39541,1316,31694,2123,147,4060,27,54,120,26720,731,22046,1229,98,2514,17,22,63,0,0,0,0,39582,-41,-0.001,0.0333,0.8015,0.0537,0.0037,0.1027,0.0007,0.0014,0.003,0.0274,0.8251,0.046,0.0037,0.0941,0.0006,0.0008,0.0024,0,0,0,5,271630299.952381,56.2857142857,4.7619047619,3.9047619048,10,299.9523809524,142.8095238095,53533.1428571429,-2.3848211636,-0.9608536776,14.4953435674,12.299777279,13.2324623452,7.3363816701,21
