"SLDLST10,C,3","LTR06,N,32,10","LTD06,N,32,10","LOT06,N,32,10"
"17B",388,411,800
"17B",668,761,1432
"17B",970,1123,2096
"17B",242,443,687
"17B",142,188,331
"17B",128,146,275
"17B",242,222,464
"17B",178,219,397
"17B",209,225,435
"17B",762,840,1604
"17B",0,0,0
"17B",219,198,418
"17B",145,172,317
"17B",640,647,1287
"17B",324,322,646
"17B",357,359,719
"17B",48,44,92
"17B",675,616,1292
"17B",593,490,1084
"17B",971,910,1884
"17B",570,489,1060
"17A",730,757,1490
"17A",509,561,1072
"17A",472,430,902
"17A",436,429,865
"17A",210,263,473
"17A",389,392,781
"17A",195,181,377
"17A",363,288,651
"17A",347,334,681
"17A",668,676,1345
"17A",903,909,1814
"17A",622,389,1012
"17A",411,490,902
"17A",413,382,795
"17A",561,575,1136
"17A",566,695,1265
"17A",573,451,1026
"17A",466,437,903
"17A",0,0,0
"10B",85,63,148
"10B",101,53,154
"10B",136,102,238
"10B",18,3,21
"10B",65,24,89
"10B",60,58,118
"10B",61,73,134
"10B",86,45,131
"10B",58,27,85
"10B",126,55,181
"10B",88,25,113
"10B",50,27,77
"10B",192,78,270
"10B",136,53,189
"10B",65,62,127
"10B",94,59,153
"10B",44,77,121
"10B",290,150,440
"10B",55,42,97
"10B",129,68,197
"10B",60,76,136
"10B",194,143,337
"10B",256,211,467
"10B",54,82,136
"10B",84,61,145
"10B",227,165,392
"10B",94,35,129
"10B",48,50,98
"10B",154,95,249
"10B",201,126,327
"10B",266,202,470
"10B",85,63,148
"10B",169,63,232
"10B",189,101,290
"10B",163,67,230
"10B",94,44,138
"10B",233,208,442
"10B",97,63,161
"10B",657,317,974
"10B",301,110,411
"10B",266,89,355
"10B",209,60,269
"10B",17,16,33
"10B",55,49,104
"10B",24,11,35
"10B",39,28,67
"10B",21,10,31
"10B",145,58,203
"10B",169,137,306
"10B",43,40,83
"10B",16,21,37
"10B",126,58,184
"10B",46,42,88
"10B",287,276,563
"10B",9,29,38
"10B",80,46,126
"10B",38,67,105
"10B",113,75,189
"10B",110,88,198
"10B",154,144,298
"10B",32,68,100
"10B",145,132,277
"10B",224,152,376
"10B",129,95,224
"10B",293,242,535
"10B",256,161,418
"10B",380,274,655
"10B",317,127,444
"10B",163,46,210
"02A",23,92,115
"02A",2,33,35
"02A",211,207,418
"02A",15,73,88
"02A",14,25,39
"02A",79,163,242
"02A",30,39,69
"02A",9,26,35
"02A",49,53,103
"02A",43,105,148
"02A",60,132,192
"02A",15,25,40
"02A",63,110,173
"02A",60,58,118
"02A",35,152,187
"02A",12,24,36
"02A",59,114,173
"02A",100,171,271
"02A",243,330,573
"02A",12,48,60
"02A",32,74,107
"02A",52,69,121
"02A",37,80,117
"02A",26,50,76
"02A",311,427,741
"02A",30,41,71
"02A",155,266,421
"02A",33,79,112
"02A",139,152,291
"02A",109,133,242
"02A",70,252,322
"02A",77,145,222
"02A",413,631,1045
"02A",37,67,104
"02A",34,21,56
"02A",40,31,71
"02A",24,91,116
"02A",2,1,3
"02A",0,0,0
"02A",28,58,87
"02A",15,45,60
"02A",15,66,81
"02A",13,37,50
"02A",9,40,49
"02A",11,32,43
"02A",21,46,67
"02A",4,29,34
"02A",8,32,40
"02A",15,46,61
"02A",105,419,524
"02A",16,34,50
"02A",37,78,115
"02A",17,90,108
"02A",22,137,159
"02A",48,178,226
"02A",17,44,61
"02A",31,55,86
"02A",32,252,286
"02A",6,55,61
"02A",56,155,212
"02A",66,229,295
"02A",68,279,348
"02A",8,20,28
"02A",15,77,92
"02A",7,37,44
"02A",13,85,98
"02A",15,56,71
"02A",7,97,104
"02A",6,16,22
"02A",21,40,61
"02A",5,17,22
"02A",25,86,111
"02A",13,52,65
"02A",24,52,77
"02A",4,36,40
"02A",3,39,42
"02A",8,37,45
"02A",3,52,56
"02A",16,58,74
"02A",6,20,27
"02A",4,41,45
"02A",9,25,34
"02A",30,71,101
"02A",5,36,41
"02A",10,48,58
"02A",37,275,312
"02A",11,38,49
"02A",8,22,30
"02A",1,66,67
"02A",20,90,110
"02A",1,27,28
"02A",10,33,43
"02A",53,61,114
"02A",65,98,163
"02A",10,76,86
"02A",81,239,320
"02A",177,461,638
"02A",57,137,195
"02A",15,28,43
"02A",35,48,83
"02A",14,48,62
"02A",22,44,66
"02A",104,177,281
"02A",12,18,30
"02A",34,52,86
"02A",11,32,43
"02A",21,45,66
"02A",54,83,137
"02A",32,10,42
"02A",19,46,65
"02A",20,38,58
"02A",0,0,0
"09B",111,639,750
"09B",177,438,615
"09B",0,0,0
"09B",308,754,1062
"09B",236,515,751
"09B",306,526,832
"09B",19,60,79
"09B",6,37,43
"09B",48,230,278
"09B",30,209,239
"09B",14,93,107
"09B",45,270,315
"09B",42,179,221
"09B",24,122,146
"09B",24,127,151
"09B",135,1042,1179
"09B",38,150,188
"09B",22,111,133
"09B",65,358,423
"09B",19,54,73
"09B",29,176,206
"09B",17,113,130
"09B",18,100,118
"09B",17,77,95
"09B",17,54,71
"09B",12,70,82
"09B",5,47,53
"09B",34,106,140
"09B",12,56,68
"09B",34,98,132
"09B",51,188,239
"09B",29,155,184
"09B",33,136,169
"09B",8,39,47
"09B",5,13,18
"09B",14,100,114
"09B",24,53,77
"09B",18,41,59
"09B",16,27,43
"09B",42,196,239
"09B",11,43,54
"09B",9,32,41
"09B",19,24,43
"09B",13,41,54
"09B",15,51,66
"09B",11,15,26
"09B",30,116,146
"09B",27,38,65
"09B",14,41,56
"09B",21,52,73
"09B",15,22,37
"09B",1,12,13
"09B",17,39,56
"09B",11,20,31
"09B",4,30,34
"09B",76,284,360
"09B",73,318,392
"09B",10,20,30
"09B",11,42,53
"09B",9,48,58
"09B",10,21,31
"09B",43,35,78
"09B",11,33,44
"09B",17,63,80
"09B",102,411,513
"09B",82,353,435
"09B",56,278,334
"09B",16,44,60
"09B",24,76,100
"09B",24,67,91
"09B",8,39,47
"09B",9,17,26
"09B",9,20,29
"09B",12,19,31
"09B",12,15,27
"09B",19,37,56
"09B",6,11,17
"09B",11,32,43
"09B",3,23,26
"09B",7,23,30
"09B",7,40,47
"09B",30,44,74
"09B",21,45,66
"09B",6,32,38
"09B",1,3,4
"09B",8,37,45
"09B",212,627,841
"09B",370,720,1090
"03A",22,106,131
"03A",34,215,262
"03A",101,135,260
"03A",159,164,338
"03A",37,53,93
"03A",143,386,543
"03A",72,146,228
"03A",18,18,38
"03A",55,107,165
"03A",45,120,170
"03A",44,61,109
"03A",10,11,21
"03A",133,226,369
"03A",60,30,100
"03A",108,187,302
"03A",56,62,123
"03A",24,63,97
"03A",61,74,140
"03A",21,5,26
"03A",26,86,117
"03A",4,5,10
"03A",71,226,308
"03A",25,27,57
"03A",36,94,135
"03A",55,410,480
"03A",0,0,0
"03A",53,187,248
"03A",16,8,27
"03A",23,224,254
"03A",65,168,245
"03A",47,79,135
"03A",108,109,227
"03A",69,431,509
"03A",75,211,301
"03A",20,6,26
"03A",85,267,362
"03A",10,5,16
"03A",8,1,11
"03A",32,56,91
"03A",56,65,133
"03A",24,140,171
"03A",163,304,480
"03A",116,149,269
"03A",9,48,58
"03A",10,20,32
"03A",25,22,48
"03A",69,34,105
"03A",11,8,21
"03A",53,70,133
"03A",17,17,37
"03A",0,0,0
"03A",20,24,46
"03A",44,24,74
"03A",0,0,0
"03A",14,11,26
"03A",14,23,41
"03A",209,488,710
"03A",221,452,690
"03A",362,640,1018
"03A",36,46,84
"03A",260,343,624
"03A",40,5,45
"03A",89,150,250
"03A",66,123,193
"03A",73,130,206
"03A",80,154,239
"03A",8,3,12
"03A",119,173,299
"03A",17,27,45
"03A",7,7,15
"03A",1,2,3
"03A",31,45,83
"03A",37,43,82
"03A",43,85,138
"03A",20,26,47
"03A",31,27,60
"03A",7,9,20
"03A",20,38,58
"03A",0,0,0
"03A",24,11,35
"03A",25,18,44
"03A",0,0,0
"03A",0,0,0
"03A",119,53,177
"03A",128,69,203
"03A",0,0,0
"03A",0,0,0
"03A",0,0,0
"03A",97,60,162
"03A",152,103,263
"03A",30,14,46
"03A",0,0,0
"03A",0,0,0
"03A",0,0,0
"03A",38,38,77
"03A",41,25,71
"03A",187,84,277
"03A",33,31,66
"24A",51,12,63
"24A",55,34,89
"24A",135,67,202
"24A",350,263,614
"24A",68,31,99
"24A",309,180,491
"24A",392,179,571
"24A",277,155,433
"24A",153,54,207
"24A",88,28,116
"24A",141,111,253
"24A",78,56,134
"24A",82,74,156
"24A",52,28,80
"24A",80,37,117
"24A",19,10,29
"24A",78,43,121
"24A",77,37,114
"24A",134,34,168
"24A",56,27,83
"24A",440,132,572
"24A",581,190,772
"24A",92,40,132
"24A",409,165,574
"24A",531,220,753
"24A",229,138,367
"24A",308,132,441
"24A",299,146,445
"24A",221,127,348
"24A",104,35,140
"24A",87,52,139
"24A",84,27,111
"24A",85,40,125
"24A",93,63,156
"24A",82,32,115
"24A",60,35,95
"24A",63,17,80
"24A",95,58,153
"24A",59,30,89
"24A",81,36,118
"24A",134,63,197
"24A",272,175,448
"24A",192,71,263
"24A",101,26,127
"24A",198,110,308
"24A",340,115,456
"24A",75,36,111
"24A",185,118,303
"24A",104,41,146
"24A",79,34,114
"24A",69,33,102
"24A",59,38,97
"24A",76,22,98
"24A",118,54,172
"24A",23,24,47
"24A",39,19,58
"24A",118,65,183
"24A",403,347,750
"24A",451,351,803
"24A",93,54,147
"24A",98,36,134
"22A",4,4,8
"22A",32,61,93
"22A",78,105,183
"22A",73,64,139
"22A",7,39,46
"22A",63,63,126
"22A",80,79,159
"22A",193,282,476
"22A",42,51,93
"22A",52,22,74
"22A",38,55,93
"22A",48,30,78
"22A",108,51,159
"22A",5,14,19
"22A",456,432,889
"22A",34,27,61
"22A",55,34,89
"22A",276,313,591
"22A",0,0,0
"22A",0,0,0
"22A",31,30,63
"22A",21,28,49
"22A",41,24,65
"22A",31,38,69
"22A",24,32,56
"22A",132,94,226
"22A",78,58,136
"22A",69,36,105
"22A",64,37,101
"22A",53,23,76
"22A",108,62,170
"22A",74,14,88
"22A",67,27,94
"22A",79,77,156
"22A",604,476,1081
"22A",127,55,183
"22A",198,34,232
"22A",38,56,94
"22A",26,36,62
"22A",48,26,74
"22A",30,42,72
"22A",61,48,109
"22A",60,86,146
"22A",58,49,107
"22A",51,94,145
"22A",36,26,62
"22A",54,95,149
"22A",30,49,79
"22A",38,21,59
"22A",33,29,62
"22A",39,41,80
"22A",76,65,141
"22A",68,31,99
"22A",103,19,122
"22A",46,68,114
"22A",54,26,80
"22A",41,32,73
"22A",61,50,112
"22A",131,39,170
"22A",68,56,124
"22A",39,41,80
"22A",53,34,87
"22A",46,18,64
"22A",45,27,72
"22A",53,29,82
"22A",44,44,88
"22A",55,47,102
"22A",27,21,48
"22A",86,31,117
"22A",83,48,131
"22A",478,131,609
"22A",65,41,106
"22A",50,34,84
"22A",64,46,110
"22A",13,6,19
"22A",24,60,84
"22A",12,28,40
"22A",131,111,242
"22A",150,8,158
"22A",336,359,695
"22A",480,493,973
"22A",32,29,61
"22A",80,51,131
"22A",41,31,72
"22A",73,45,118
"22A",29,26,55
"22A",54,26,80
"22A",67,70,137
"22A",94,60,154
"22A",76,29,105
"22A",41,26,67
"22A",34,55,89
"22A",193,96,289
"22A",57,34,91
"22A",18,13,31
"22A",158,146,304
"22A",317,288,605
"22A",136,131,267
"22A",51,26,78
"55A",352,747,1101
"55A",557,1053,1615
"55A",496,741,1238
"55A",140,380,520
"55A",265,607,873
"55A",343,798,1142
"55A",473,772,1245
"55A",168,316,486
"55A",154,299,455
"55A",338,512,851
"55A",378,886,1264
"55A",298,705,1003
"55A",356,874,1232
"55A",433,914,1351
"55A",308,519,829
"66B",143,829,972
"66B",184,878,1067
"66B",327,897,1229
"66B",402,848,1255
"66B",165,1105,1270
"66B",216,1212,1432
"66B",183,576,760
"66B",285,751,1037
"66B",221,676,899
"66B",205,867,1073
"66B",143,735,880
"66B",195,781,978
"66B",585,1446,2036
"66B",195,837,1036
"67B",96,326,425
"67B",149,449,600
"67B",212,586,803
"67B",102,368,472
"67B",195,647,849
"67B",190,486,678
"67B",160,491,651
"67B",316,583,902
"67B",141,458,600
"67B",226,591,819
"67B",235,624,861
"67B",283,626,910
"67B",369,784,1153
"54B",421,642,1063
"54B",102,110,212
"54B",662,759,1424
"54B",593,885,1481
"54B",699,780,1482
"54B",527,695,1222
"54B",749,551,1301
"54B",460,656,1116
"54B",769,951,1721
"54B",906,968,1877
"54B",697,786,1483
"54B",821,732,1553
"54B",563,714,1280
"02B",372,449,822
"02B",31,76,107
"02B",7,4,11
"02B",14,27,41
"02B",32,25,57
"02B",125,129,254
"02B",70,72,142
"02B",45,19,64
"02B",31,35,66
"02B",226,214,440
"02B",0,3,3
"02B",370,379,749
"02B",81,66,147
"02B",2,3,5
"02B",36,41,77
"02B",172,136,308
"02B",36,47,83
"02B",64,47,111
"02B",57,63,120
"02B",23,22,45
"02B",5,6,11
"02B",141,81,222
"02B",39,26,65
"02B",8,11,19
"02B",117,149,266
"02B",17,27,44
"02B",50,90,140
"02B",20,6,26
"02B",15,336,351
"02B",61,17,78
"02B",196,139,337
"02B",20,15,35
"02B",20,603,623
"02B",17,16,33
"02B",17,485,503
"02B",18,18,36
"02B",14,16,30
"02B",5,11,16
"02B",13,286,299
"02B",42,72,114
"02B",101,33,134
"02B",26,26,52
"02B",33,45,78
"02B",347,313,661
"02B",15,26,41
"02B",5,11,16
"02B",33,28,61
"02B",10,12,22
"02B",18,16,34
"02B",37,18,55
"02B",304,231,535
"02B",34,20,54
"02B",114,120,235
"02B",250,166,416
"02B",82,54,136
"02B",134,108,242
"02B",78,64,143
"02B",64,67,131
"02B",33,20,53
"02B",2,0,2
"02B",0,0,0
"02B",95,73,168
"02B",41,25,66
"02B",91,78,169
"02B",118,88,206
"02B",6,8,14
"02B",74,44,118
"02B",73,50,123
"02B",130,81,211
"02B",98,78,176
"02B",47,38,86
"02B",20,35,55
"02B",172,180,355
"02B",30,23,53
"02B",56,40,96
"02B",46,58,104
"02B",434,478,915
"02B",195,224,419
"02B",12,17,29
"02B",313,359,674
"02B",93,97,191
"02B",58,34,92
"02B",315,352,669
"02B",129,105,234
"02B",31,27,58
"02B",187,160,347
"02B",359,368,728
"02B",24,17,41
"02B",24,47,71
"02B",15,24,39
"02B",15,12,27
"02B",12,29,41
"02B",22,61,83
"02B",8,31,39
"02B",13,35,48
"02B",12,28,40
"02B",33,63,96
"02B",11,19,30
"02B",25,32,57
"02B",52,30,82
"02B",13,12,25
"02B",6,14,20
"01B",17,19,36
"01B",6,15,21
"01B",34,62,96
"01B",11,33,44
"01B",64,70,134
"01B",108,195,303
"01B",18,16,34
"01B",10,19,29
"01B",11,37,48
"01B",12,11,23
"01B",35,40,75
"01B",7,8,15
"01B",3,10,13
"01B",14,27,41
"01B",4,5,9
"01B",77,69,146
"01B",33,34,67
"01B",25,22,47
"01B",29,43,72
"01B",36,77,113
"01B",9,14,23
"01B",127,198,325
"01B",22,28,50
"01B",27,34,61
"01B",18,21,39
"01B",33,38,71
"01B",11,28,39
"01B",196,209,405
"01B",157,183,340
"01B",24,13,37
"01B",27,16,43
"01B",23,46,69
"01B",63,136,199
"01B",32,70,102
"01B",15,21,36
"01B",13,8,21
"01B",26,30,56
"01B",9,22,31
"01B",16,16,32
"01B",19,25,44
"01B",45,36,81
"01B",24,45,69
"01B",77,125,203
"01B",13,28,41
"01B",15,13,28
"01B",38,33,71
"01B",21,27,48
"01B",10,15,25
"01B",21,21,42
"01B",23,19,42
"01B",7,21,28
"01B",44,68,112
"01B",23,57,80
"01B",152,212,364
"01B",222,339,562
"01B",165,256,424
"01B",109,261,370
"01B",182,284,466
"01B",171,252,423
"01B",201,336,537
"01B",91,106,197
"01B",387,389,776
"01B",140,207,347
"01B",158,247,405
"01B",300,309,609
"01B",84,125,209
"01B",18,10,28
"01B",50,36,86
"01B",31,27,58
"01B",23,49,72
"01B",23,33,56
"01B",98,76,174
"01B",48,35,85
"01B",42,70,113
"01B",54,99,153
"01B",34,40,74
"01B",63,63,126
"01B",14,11,25
"01B",11,18,29
"01B",19,27,46
"01B",91,100,191
"01B",33,26,59
"01B",18,28,46
"01B",16,23,39
"01B",128,129,257
"01B",68,28,96
"01B",45,30,75
"01B",30,56,86
"01B",33,22,55
"01B",42,45,87
"01B",22,29,51
"01B",50,42,93
"01B",3,12,15
"01B",14,19,33
"01B",39,25,64
"01B",18,48,66
"01B",154,133,287
"01B",11,20,31
"01B",18,31,49
"01B",43,20,63
"01B",15,23,38
"01B",28,47,75
"01B",16,42,58
"01B",32,54,86
"01B",22,70,92
"01B",32,35,67
"01B",23,49,72
"01B",44,51,95
"01B",33,21,55
"01B",73,144,217
"01B",84,107,192
"01B",95,111,206
"01B",34,37,72
"01B",7,22,29
"01B",8,20,28
"01B",13,23,36
"01B",24,49,73
"01B",8,27,35
"01A",0,0,0
"01A",145,174,319
"01A",36,78,114
"01A",21,57,78
"01A",28,105,133
"01A",143,336,479
"01A",16,37,53
"01A",12,10,22
"01A",11,16,27
"01A",10,8,18
"01A",8,21,29
"01A",0,10,10
"01A",7,13,21
"01A",22,40,62
"01A",19,24,43
"01A",0,0,0
"01A",6,18,24
"01A",6,23,29
"01A",18,38,56
"01A",20,31,51
"01A",3,16,19
"01A",10,9,19
"01A",5,9,14
"01A",6,21,27
"01A",30,34,64
"01A",4,9,13
"01A",0,0,0
"01A",31,21,52
"01A",4,5,9
"01A",15,42,57
"01A",8,12,20
"01A",17,11,29
"01A",4,25,29
"01A",3,8,11
"01A",18,13,31
"01A",4,19,23
"01A",5,18,23
"01A",12,23,35
"01A",23,70,93
"01A",0,0,0
"01A",10,22,32
"01A",1,9,10
"01A",34,48,82
"01A",14,20,34
"01A",29,42,71
"01A",15,26,41
"01A",21,20,41
"01A",12,13,25
"01A",6,12,18
"01A",9,18,27
"01A",3,3,6
"01A",10,11,21
"01A",54,74,128
"01A",39,28,67
"01A",22,15,37
"01A",25,30,55
"01A",7,7,14
"01A",26,43,69
"01A",40,74,119
"01A",8,8,16
"01A",25,55,80
"01A",69,66,135
"01A",54,34,88
"01A",30,44,74
"01A",68,44,112
"01A",33,48,81
"01A",7,25,32
"01A",13,17,30
"01A",38,36,74
"01A",14,12,26
"01A",7,14,21
"01A",99,153,253
"01A",104,148,253
"01A",129,305,436
"01A",38,27,65
"01A",101,91,192
"01A",31,34,65
"01A",41,36,77
"01A",24,30,54
"01A",40,22,62
"01A",32,21,53
"01A",27,33,60
"01A",42,36,78
"01A",96,76,172
"01A",54,64,118
"01A",74,98,172
"01A",91,181,272
"01A",87,166,253
"01A",86,155,242
"01A",57,81,138
"01A",92,197,294
"01A",128,203,331
"01A",94,138,236
"01A",97,158,255
"01A",69,176,246
"01A",130,172,302
"01A",130,222,353
"01A",31,33,64
"01A",144,154,298
"01A",46,32,78
"01A",61,51,112
"01A",39,22,61
"01A",126,95,221
"01A",408,258,666
"01A",122,81,203
"01A",16,7,23
"01A",114,110,224
"01A",70,67,137
"01A",34,25,59
"01A",232,114,346
"01A",12,16,28
"01A",38,20,58
"01A",24,20,44
"01A",1,6,7
"01A",21,10,31
"01A",11,5,16
"01A",8,9,17
"01A",26,25,51
"01A",35,25,60
"01A",580,518,1102
"01A",93,61,154
"01A",77,32,109
"01A",39,21,60
"01A",179,114,293
"01A",13,12,25
"01A",59,58,117
"01A",52,54,106
"01A",15,3,18
"01A",301,228,530
"53B",596,397,993
"53B",796,426,1225
"53B",1373,1137,2511
"53B",1030,731,1762
"53B",382,305,687
"53B",907,968,1879
"53B",1097,1150,2249
"53B",1070,855,1927
"53B",1185,1079,2266
"53B",1109,1130,2244
"64B",261,921,1183
"64B",542,1090,1633
"64B",489,1250,1740
"64B",499,1220,1720
"64B",338,969,1308
"64B",439,977,1417
"64B",506,1066,1572
"64B",393,870,1266
"64B",295,935,1230
"64B",407,981,1389
"64B",385,843,1229
"64B",233,626,861
"64B",195,583,779
"64B",430,995,1427
"67A",106,565,673
"67A",131,483,614
"67A",264,777,1042
"67A",168,437,608
"67A",155,553,711
"67A",84,356,441
"67A",170,672,846
"67A",214,710,925
"67A",111,490,606
"67A",116,429,546
"67A",205,572,779
"67A",214,735,953
"67A",126,469,595
"64A",204,933,1377
"64A",233,770,1138
"64A",154,767,1010
"64A",136,637,853
"64A",284,1083,1635
"64A",97,747,1324
"64A",205,820,1205
"64A",250,841,1232
"64A",181,744,1053
"64A",142,603,921
"64A",231,799,1195
"64A",115,495,807
"64A",287,910,1342
"64A",182,596,946
"64A",443,640,1179
"26B",233,223,456
"26B",324,245,570
"26B",784,899,1684
"26B",207,262,471
"26B",853,901,1761
"26B",346,458,807
"26B",520,675,1196
"26B",437,512,949
"26B",172,175,347
"26B",212,114,326
"26B",88,93,181
"26B",386,274,661
"26B",381,348,730
"26B",140,155,296
"26B",134,136,270
"26B",110,102,212
"26B",267,519,786
"26B",99,135,234
"26B",182,121,303
"26B",246,218,465
"26B",118,124,244
"26B",92,93,186
"26B",146,204,351
"26B",92,124,216
"26A",118,90,208
"26A",142,115,257
"26A",133,81,214
"26A",177,100,280
"26A",486,407,895
"26A",919,557,1481
"26A",459,354,814
"26A",852,522,1375
"26A",652,531,1186
"26A",247,253,506
"26A",469,303,774
"26A",572,429,1003
"26A",713,543,1258
"26A",624,401,1027
"26A",208,138,347
"26A",165,143,308
"26A",395,414,809
"26A",151,193,344
"26A",548,507,1055
"26A",142,200,342
"26A",113,149,262
"26A",308,284,592
"26A",475,272,749
"24B",79,58,137
"24B",69,21,90
"24B",58,63,121
"24B",71,57,130
"24B",22,12,34
"24B",571,526,1098
"24B",114,82,196
"24B",96,64,160
"24B",166,86,252
"24B",74,69,143
"24B",73,27,100
"24B",305,234,539
"24B",407,420,828
"24B",230,124,354
"24B",159,102,261
"24B",174,148,322
"24B",572,489,1063
"24B",179,149,329
"24B",177,180,357
"24B",60,37,97
"24B",110,64,175
"24B",101,83,184
"24B",205,247,452
"24B",184,161,345
"24B",91,59,150
"24B",302,306,610
"24B",91,55,146
"24B",137,39,176
"24B",80,35,115
"24B",349,339,689
"24B",62,39,101
"24B",91,49,140
"24B",3,0,3
"24B",45,50,95
"24B",90,34,124
"24B",363,212,575
"24B",73,31,104
"24B",107,42,149
"24B",89,105,194
"24B",79,42,121
"24B",74,58,133
"24B",72,21,93
"24B",97,39,136
"24B",85,58,143
"24B",63,55,118
"24B",167,172,339
"24B",100,25,125
"24B",83,69,152
"24B",73,51,124
"24B",103,178,281
"24B",68,79,147
"24B",63,40,103
"24B",42,59,101
"24B",0,3,3
"24B",85,80,165
"24B",104,77,181
"24B",55,72,127
"24B",165,139,304
"24B",472,437,912
"24B",132,129,261
"24B",182,326,508
"24B",98,128,227
"24B",144,133,277
"24B",119,112,231
"24B",66,59,125
"24B",88,97,185
"65B",128,438,567
"65B",183,829,1016
"65B",171,631,803
"65B",236,655,895
"65B",222,815,1042
"65B",138,526,667
"65B",207,731,942
"65B",169,474,645
"65B",257,708,968
"65B",229,859,1092
"65B",270,881,1155
"65B",188,744,935
"65B",191,640,833
"65B",59,376,437
"65A",214,839,1061
"65A",94,490,586
"65A",58,699,761
"65A",100,698,800
"65A",103,552,658
"65A",113,410,525
"65A",69,392,465
"65A",64,272,340
"65A",94,304,400
"65A",248,625,877
"65A",234,529,771
"58B",60,292,400
"58B",45,249,333
"58B",114,787,1024
"58B",48,465,604
"58B",49,541,658
"58B",79,558,713
"58B",71,662,817
"58B",19,337,405
"58B",25,186,237
"58B",41,132,183
"58B",61,185,279
"58B",322,757,1180
"58B",319,675,1094
"58B",139,301,483
"66A",57,364,423
"66A",50,244,294
"66A",103,419,524
"66A",377,1098,1480
"66A",147,567,716
"66A",128,445,576
"66A",137,440,578
"66A",142,488,633
"66A",124,448,577
"66A",232,695,934
"66A",137,456,596
"66A",78,343,423
"55B",184,308,493
"55B",416,924,1342
"55B",561,981,1550
"55B",200,483,683
"55B",185,479,665
"55B",483,937,1420
"55B",330,699,1029
"55B",292,727,1021
"55B",584,1261,1847
"55B",464,1037,1506
"55B",518,799,1317
"55B",706,1226,1936
"55B",421,636,1057
"50B",224,316,541
"50B",369,338,707
"50B",518,586,1107
"50B",647,441,1090
"50B",692,858,1552
"50B",1123,1392,2518
"50B",1009,1276,2285
"50B",1110,1573,2688
"50B",1066,1275,2344
"50B",1011,970,1984
"50A",231,629,917
"50A",272,630,976
"50A",222,518,809
"50A",237,515,802
"50A",275,600,946
"50A",306,570,932
"50A",229,531,805
"50A",211,542,825
"50A",269,585,913
"50A",273,513,826
"50A",196,396,638
"50A",229,318,574
"50A",261,437,763
"50A",411,655,1144
"50A",137,257,434
"50A",53,162,240
"50A",376,655,1105
"51B",266,417,686
"51B",287,465,752
"51B",387,604,998
"51B",392,566,960
"51B",451,573,1024
"51B",343,659,1003
"51B",246,441,689
"51B",241,399,641
"51B",432,652,1085
"51B",442,625,1068
"51B",348,336,685
"51B",639,864,1505
"51B",392,518,912
"51B",672,931,1610
"51B",265,556,824
"51B",0,0,0
"51B",28,37,65
"53A",345,369,718
"53A",356,526,883
"53A",691,834,1525
"53A",269,403,673
"53A",516,566,1083
"53A",858,614,1472
"53A",360,395,755
"53A",1182,810,1994
"53A",367,334,701
"53A",799,606,1407
"53A",872,1093,1966
"53A",981,992,1974
"53A",1545,1650,3196
"54A",246,815,1062
"54A",390,728,1120
"54A",662,1183,1845
"54A",1076,1272,2351
"54A",648,1232,1881
"54A",593,1225,1818
"54A",535,908,1447
"54A",529,1065,1597
"54A",538,992,1531
"54A",616,1184,1802
"54A",535,1058,1593
"35A",675,358,1034
"35A",598,595,1194
"35A",424,392,816
"35A",674,614,1291
"35A",719,639,1358
"35A",703,414,1117
"35A",502,361,864
"35A",532,385,918
"35A",0,0,0
"35A",367,430,801
"35A",383,473,857
"35A",350,437,788
"35A",457,461,918
"35A",473,392,865
"35A",433,244,678
"35A",481,476,958
"35A",493,352,846
"35A",957,647,1606
"35A",619,446,1068
"35A",312,321,636
"35B",1400,695,2099
"35B",0,0,0
"35B",663,360,1027
"35B",402,284,688
"35B",903,531,1435
"35B",491,209,700
"35B",0,0,0
"35B",747,697,1453
"35B",802,689,1494
"35B",1012,664,1680
"35B",556,276,832
"35B",729,496,1226
"35B",0,0,0
"35B",1096,499,1597
"40A",956,1007,1965
"40A",528,591,1122
"40A",561,588,1155
"40A",517,730,1251
"40A",342,551,894
"40A",683,703,1386
"40A",1165,1198,2364
"40A",706,736,1443
"40A",355,430,785
"40A",564,634,1199
"40A",171,289,460
"25B",211,220,431
"25B",87,192,279
"25B",605,460,1065
"25B",3,1,4
"25B",187,174,362
"25B",337,255,592
"25B",647,382,1030
"25B",69,51,120
"25B",470,925,1396
"25B",404,592,996
"25B",737,793,1530
"25B",288,589,879
"25B",333,405,738
"25B",125,117,242
"25B",313,623,937
"25B",465,563,1028
"25B",260,187,447
"25B",230,278,508
"25B",524,345,872
"25B",324,218,543
"25B",1186,1061,2251
"25B",237,156,393
"25B",718,447,1165
"25B",473,259,732
"25A",0,0,0
"25A",149,144,293
"25A",168,174,342
"25A",102,119,222
"25A",128,107,235
"25A",518,375,893
"25A",159,123,283
"25A",20,20,40
"25A",726,282,1008
"25A",259,203,463
"25A",19,31,51
"25A",103,169,273
"25A",367,404,772
"25A",35,50,85
"25A",100,78,178
"25A",564,340,906
"25A",409,416,826
"25A",337,268,605
"25A",158,183,341
"25A",507,583,1091
"25A",153,135,288
"25A",61,48,109
"25A",179,136,315
"25A",142,123,265
"25A",264,179,444
"25A",374,341,715
"25A",192,152,344
"25A",152,74,226
"25A",1037,565,1602
"25A",0,0,0
"25A",126,72,198
"25A",545,291,836
"25A",179,91,270
"25A",144,126,270
"25A",167,76,243
"25A",195,144,339
"25A",203,100,303
"25A",145,95,240
"25A",105,56,161
"25A",133,69,202
"25A",148,79,227
"34A",297,117,414
"34A",303,174,477
"34A",284,121,405
"34A",703,469,1173
"34A",127,52,179
"34A",426,214,641
"34A",144,61,205
"34A",349,151,501
"34A",649,282,931
"34A",355,191,546
"34A",85,52,137
"34A",789,405,1194
"34A",232,204,436
"34A",542,250,792
"34A",1548,618,2167
"34A",1312,681,1994
"34A",1145,615,1760
"34A",958,553,1514
"34A",429,179,608
"34A",408,219,627
"34A",283,97,380
"34A",206,192,398
"34A",328,178,508
"34A",0,0,0
"12A",243,267,510
"12A",253,358,612
"12A",494,480,974
"12A",181,319,500
"12A",342,473,816
"12A",509,576,1085
"12A",381,408,791
"12A",326,339,665
"12A",177,335,512
"12A",112,207,319
"12A",417,524,941
"12A",242,310,553
"12A",189,375,566
"12A",159,308,467
"12A",224,227,452
"12A",186,274,460
"12A",121,207,328
"12A",347,358,705
"12A",333,362,696
"12A",503,545,1049
"12A",270,249,519
"12A",11,28,39
"12A",90,153,243
"12A",636,452,1089
"12A",293,422,717
"12A",14,27,41
"12A",407,404,811
"04B",44,24,68
"04B",18,27,45
"04B",21,18,39
"04B",39,57,96
"04B",131,72,204
"04B",32,21,53
"04B",24,16,40
"04B",24,27,51
"04B",90,86,176
"04B",0,2,2
"04B",182,171,354
"04B",25,34,59
"04B",24,40,64
"04B",331,161,495
"04B",249,135,386
"04B",53,92,145
"04B",114,102,217
"04B",55,46,101
"04B",364,213,577
"04B",98,101,199
"04B",24,14,38
"04B",84,62,146
"04B",209,127,336
"04B",68,68,136
"04B",160,155,316
"04B",235,186,421
"04B",153,135,288
"04B",26,14,40
"04B",173,214,387
"04B",403,347,753
"04B",5,61,66
"04B",435,434,869
"04B",100,59,159
"04B",196,283,479
"04B",134,89,223
"04B",216,244,460
"04B",574,436,1011
"04B",56,62,118
"04B",420,296,717
"04B",312,243,556
"04B",36,62,98
"04B",138,93,231
"04B",19,28,47
"04B",248,211,459
"04B",75,91,166
"04B",138,108,246
"04B",33,11,44
"04B",424,222,646
"04B",19,17,36
"04B",27,18,45
"04B",194,229,424
"04B",163,83,246
"04B",422,469,891
"04B",45,43,89
"04B",65,60,125
"04B",85,103,190
"04B",37,57,94
"04B",69,122,192
"04B",57,116,173
"04B",135,134,269
"04B",17,40,57
"04B",95,96,191
"04B",194,206,402
"04B",109,98,207
"04B",113,95,208
"04B",269,304,573
"04B",63,48,111
"04B",149,231,380
"04B",26,31,57
"04B",117,144,261
"04B",84,94,178
"04B",307,216,523
"04B",33,36,69
"04B",19,14,33
"04B",81,132,213
"12B",376,414,791
"12B",293,274,568
"12B",108,94,202
"12B",125,114,239
"12B",374,340,714
"12B",17,15,32
"12B",171,184,356
"12B",22,57,79
"12B",182,246,428
"12B",161,172,334
"12B",165,196,361
"12B",148,109,257
"12B",52,62,115
"12B",114,158,274
"12B",122,127,249
"12B",278,285,563
"12B",236,204,442
"12B",44,66,110
"12B",28,51,79
"12B",145,121,267
"12B",96,121,217
"12B",119,81,200
"12B",133,142,275
"12B",170,112,282
"12B",25,27,52
"12B",257,190,447
"12B",49,57,106
"12B",12,18,30
"12B",177,152,329
"12B",16,28,44
"12B",472,609,1081
"12B",556,673,1230
"12B",377,488,867
"12B",90,130,220
"12B",45,49,94
"12B",124,78,202
"12B",208,376,584
"12B",52,74,126
"12B",123,152,275
"12B",74,94,168
"12B",245,210,456
"12B",62,77,139
"12B",167,136,304
"12B",25,53,78
"12B",36,22,58
"12B",142,264,407
"12B",386,314,700
"12B",180,166,346
"12B",81,84,165
"12B",142,81,223
"12B",142,157,299
"12B",89,111,200
"03B",0,31,31
"03B",0,20,20
"03B",0,694,712
"03B",0,316,325
"03B",0,137,141
"03B",0,76,76
"03B",0,19,19
"03B",0,19,19
"03B",0,476,486
"03B",0,151,156
"03B",0,211,214
"03B",0,80,82
"03B",0,290,294
"03B",0,192,201
"03B",0,22,23
"03B",0,167,168
"03B",0,59,61
"03B",0,110,112
"03B",0,17,18
"03B",0,94,95
"03B",0,212,218
"03B",0,22,22
"03B",0,10,10
"03B",0,10,10
"03B",0,58,59
"03B",0,34,35
"03B",0,111,113
"03B",0,25,25
"03B",0,75,75
"03B",0,16,16
"03B",0,156,161
"03B",0,65,66
"03B",0,443,450
"03B",0,76,77
"03B",0,37,37
"03B",0,52,53
"03B",0,34,35
"03B",0,19,19
"03B",0,494,505
"03B",0,63,67
"03B",0,221,224
"03B",0,25,25
"03B",0,79,80
"03B",0,124,128
"03B",0,150,159
"03B",0,136,140
"03B",0,16,16
"03B",0,49,50
"03B",0,90,92
"03B",0,16,16
"03B",0,16,16
"03B",0,59,60
"03B",0,23,23
"03B",0,33,36
"03B",0,215,228
"03B",0,233,239
"03B",0,583,599
"03B",0,790,805
"03B",0,0,0
"03B",0,960,1004
"03B",0,444,457
"03B",0,615,632
"03B",0,1165,1207
"03B",0,52,56
"03B",0,89,95
"03B",0,312,325
"03B",0,139,144
"03B",0,59,59
"03B",0,568,584
"03B",0,0,0
"03B",0,200,209
"04A",39,159,200
"04A",143,375,537
"04A",453,803,1287
"04A",182,467,668
"04A",328,889,1255
"04A",227,569,831
"04A",321,820,1167
"04A",220,456,698
"04A",41,51,96
"04A",669,1094,1801
"04A",68,119,191
"04A",34,41,81
"04A",86,260,355
"04A",176,413,596
"04A",36,41,78
"04A",34,75,116
"04A",89,221,322
"04A",94,197,310
"04A",13,21,38
"04A",2,24,26
"04A",14,18,32
"04A",20,15,36
"04A",16,14,33
"04A",31,61,96
"04A",0,5,8
"04A",33,162,197
"04A",108,195,322
"04A",12,21,35
"04A",13,46,64
"04A",33,72,113
"04A",37,52,93
"04A",10,9,20
"04A",93,168,272
"04A",91,123,223
"04A",12,22,41
"04A",15,14,30
"04A",78,314,401
"04A",39,61,104
"04A",38,73,117
"04A",26,54,83
"04A",65,93,171
"04A",2,2,4
"04A",14,22,38
"04A",25,19,48
"04A",27,31,61
"04A",40,53,98
"04A",12,18,33
"04A",31,66,99
"04A",0,0,0
"04A",115,204,329
"04A",96,156,262
"04A",22,37,61
"04A",36,83,124
"04A",0,0,0
"04A",0,0,0
"04A",9,16,28
"04A",28,90,126
"04A",35,97,139
"04A",12,27,45
"04A",90,113,211
"04A",43,67,114
"04A",48,38,91
"04A",13,15,31
"04A",24,57,84
"04A",11,20,35
"20A",26,56,82
"20A",17,55,72
"20A",23,35,58
"20A",0,10,10
"20A",70,82,152
"20A",22,61,83
"20A",26,78,105
"20A",64,146,210
"20A",9,11,20
"20A",31,44,75
"20A",111,235,346
"20A",17,30,47
"20A",6,6,12
"20A",14,33,47
"20A",22,23,45
"20A",27,43,70
"20A",45,34,79
"20A",314,324,638
"20A",164,151,315
"20A",41,65,106
"20A",11,19,30
"20A",27,21,48
"20A",17,36,53
"20A",37,26,63
"20A",27,14,41
"20A",35,32,68
"20A",32,63,96
"20A",50,43,93
"20A",36,72,108
"20A",41,74,115
"20A",72,88,160
"20A",105,151,256
"20A",26,30,56
"20A",33,42,75
"20A",46,64,110
"20A",40,32,73
"20A",27,64,91
"20A",45,73,119
"20A",9,15,24
"20A",376,445,822
"20A",51,75,126
"20A",21,31,52
"20A",34,46,80
"20A",49,45,94
"20A",12,29,41
"20A",25,10,35
"20A",38,21,59
"20A",42,60,102
"20A",74,86,161
"20A",39,49,88
"20A",60,18,78
"20A",62,20,82
"20A",23,22,45
"20A",155,143,298
"20A",35,41,76
"20A",33,29,62
"20A",36,65,101
"20A",12,32,44
"20A",32,58,90
"20A",69,45,115
"20A",59,39,98
"20A",146,182,328
"20A",148,171,319
"20A",46,52,98
"20A",19,42,61
"20A",35,32,67
"20A",20,58,78
"20A",41,52,93
"20A",43,40,83
"20A",47,39,86
"20A",216,253,469
"20A",40,27,68
"20A",21,28,49
"20A",19,17,36
"20A",67,48,115
"20A",24,21,45
"20A",62,51,114
"20A",44,59,103
"20A",28,32,60
"20A",62,47,109
"20A",32,54,86
"20A",187,175,364
"20A",35,78,113
"20A",157,227,386
"20A",100,150,250
"20A",26,31,57
"20A",61,64,125
"20A",244,463,708
"20A",265,486,751
"20A",56,127,183
"20A",17,85,103
"20A",36,44,80
"20A",26,39,65
"20A",14,37,51
"20A",11,34,45
"20A",27,30,57
"20A",34,44,78
"20A",28,40,68
"20A",28,22,50
"20A",32,62,94
"20A",24,38,62
"20A",56,89,145
"20A",19,55,74
"20A",8,37,45
"20A",18,32,50
"20A",78,60,138
"20A",31,31,62
"20A",27,54,81
"20A",27,39,66
"20A",15,29,44
"20A",80,122,202
"20A",28,55,84
"20A",179,205,384
"20A",193,233,426
"20A",32,42,74
"20A",24,44,68
"20A",35,61,96
"20A",39,39,78
"22B",49,28,77
"22B",11,15,26
"22B",75,57,132
"22B",36,47,83
"22B",51,36,87
"22B",40,54,94
"22B",28,41,69
"22B",101,52,153
"22B",1,5,6
"22B",59,34,93
"22B",32,35,67
"22B",37,17,54
"22B",65,25,90
"22B",87,100,187
"22B",39,37,76
"22B",80,90,170
"22B",88,78,166
"22B",65,25,90
"22B",109,38,148
"22B",594,209,804
"22B",77,37,114
"22B",27,28,55
"22B",14,21,35
"22B",31,39,70
"22B",49,59,108
"22B",49,33,82
"22B",160,181,341
"22B",56,44,100
"22B",257,267,524
"22B",337,306,643
"22B",211,253,464
"22B",221,248,469
"22B",29,56,86
"22B",134,65,199
"22B",72,38,110
"22B",37,48,86
"22B",24,35,59
"22B",46,48,94
"22B",56,52,108
"22B",63,91,154
"22B",49,69,118
"22B",68,70,138
"22B",54,57,111
"22B",122,168,291
"22B",80,81,161
"22B",57,69,126
"22B",103,140,243
"22B",280,222,502
"22B",195,210,406
"22B",157,184,341
"22B",23,50,73
"22B",41,42,83
"22B",182,198,380
"22B",174,215,389
"22B",43,81,124
"22B",71,68,139
"22B",38,69,107
"22B",94,56,150
"22B",59,49,108
"22B",31,37,68
"22B",58,54,112
"22B",123,190,315
"22B",235,223,458
"22B",70,71,141
"22B",60,93,153
"22B",357,221,578
"22B",123,158,281
"22B",90,127,220
"22B",106,144,250
"22B",317,206,523
"22B",260,251,512
"22B",154,129,284
"22B",133,202,335
"22B",109,73,182
"27B",132,77,209
"27B",105,80,185
"27B",138,135,275
"27B",117,75,192
"27B",108,114,222
"27B",31,46,77
"27B",79,81,161
"27B",566,910,1478
"27B",638,1002,1643
"27B",672,813,1486
"27B",927,1019,1947
"27B",79,68,147
"27B",323,689,1015
"27B",544,1040,1586
"27B",13,54,67
"27B",222,308,531
"27B",39,34,73
"27B",143,182,326
"27B",96,65,161
"27B",243,202,445
"27B",71,75,146
"27B",257,319,579
"27B",136,224,360
"27B",66,86,152
"27B",58,47,105
"27B",72,69,141
"27B",87,85,172
"27B",144,77,221
"27B",169,202,371
"27B",13,19,32
"27B",79,59,138
"27B",13,21,34
"27B",86,117,204
"27B",22,52,74
"27B",103,83,186
"31B",53,75,128
"31B",67,91,159
"31B",66,39,105
"31B",100,85,185
"31B",55,71,127
"31B",58,78,136
"31B",50,76,126
"31B",108,66,175
"31B",84,99,184
"31B",309,342,653
"31B",149,126,275
"31B",113,67,180
"31B",101,98,199
"31B",100,62,162
"31B",210,302,514
"31B",67,105,172
"31B",46,78,124
"31B",162,259,424
"31B",129,180,309
"31B",64,114,181
"31B",64,81,145
"31B",57,49,106
"31B",39,56,95
"31B",68,92,161
"31B",47,59,106
"31B",333,314,648
"31B",66,59,125
"31B",290,421,712
"31B",184,197,381
"31B",546,457,1005
"31B",80,61,141
"31B",13,22,35
"31B",70,70,140
"31B",75,70,145
"31B",135,134,269
"31B",68,59,127
"31B",85,88,174
"31B",268,248,517
"31B",374,372,748
"31B",185,122,307
"31B",120,117,237
"31B",149,115,264
"31B",32,19,51
"31B",597,497,1098
"31B",325,463,790
"31B",116,145,263
"31B",443,277,729
"31B",107,83,190
"31B",135,142,277
"31B",62,66,128
"31B",242,339,584
"31B",135,84,220
"31B",108,58,166
"31B",144,75,221
"31B",62,54,116
"31B",96,85,182
"18A",303,239,543
"18A",286,107,394
"18A",26,32,58
"18A",149,132,281
"18A",113,117,230
"18A",275,219,494
"18A",298,280,579
"18A",317,287,608
"18A",203,171,374
"18A",179,107,286
"18A",403,244,647
"18A",314,102,416
"18A",180,138,318
"18A",259,162,421
"18A",666,693,1362
"18A",66,53,119
"18A",798,730,1530
"18A",1061,1060,2122
"18A",322,243,565
"18A",210,108,318
"18A",150,90,240
"18A",74,57,131
"18A",94,50,144
"18A",253,97,351
"18A",90,165,255
"18A",137,96,233
"18A",642,279,921
"18A",296,143,439
"18A",13,13,26
"18A",95,110,206
"18A",342,192,534
"29A",0,0,0
"29A",115,58,174
"29A",210,101,311
"29A",102,82,184
"29A",162,133,295
"29A",119,71,190
"29A",146,107,253
"29A",394,309,704
"29A",85,34,119
"29A",268,254,522
"29A",169,58,228
"29A",652,502,1156
"29A",459,339,800
"29A",324,193,518
"29A",547,249,797
"29A",183,162,345
"29A",43,46,89
"29A",236,142,379
"29A",163,134,297
"29A",127,83,210
"29A",939,737,1677
"29A",704,427,1131
"29A",131,97,229
"29A",357,216,573
"29A",330,249,579
"29A",257,214,471
"29A",596,373,970
"29A",92,125,217
"29A",28,25,53
"29A",538,559,1098
"29A",0,0,0
"29A",333,299,633
"29A",311,185,497
"29A",1164,915,2082
"29A",28,17,45
"15B",1,0,1
"15B",87,159,246
"15B",172,327,499
"15B",147,333,481
"15B",108,233,341
"15B",0,0,0
"15B",291,519,811
"15B",173,411,584
"15B",184,351,540
"15B",465,585,1050
"15B",173,389,563
"15B",145,266,412
"15B",351,415,768
"15B",196,460,663
"15B",346,377,724
"15B",449,335,784
"15B",0,0,0
"15B",0,0,0
"15B",109,209,318
"15B",116,309,427
"15B",107,257,364
"15B",196,377,573
"14A",251,178,430
"14A",0,0,0
"14A",140,89,229
"14A",201,164,366
"14A",449,342,792
"14A",238,220,458
"14A",50,48,98
"14A",317,345,662
"14A",444,470,915
"14A",427,409,836
"14A",692,546,1238
"14A",375,416,793
"14A",274,227,501
"14A",47,44,91
"14A",45,47,93
"14A",58,38,96
"14A",92,116,208
"14A",611,637,1251
"14A",240,219,459
"14A",143,125,268
"14A",428,295,723
"14A",462,315,778
"14A",573,540,1116
"14A",786,526,1312
"14A",224,111,335
"14A",366,283,650
"14A",428,384,815
"14A",512,466,979
"14A",350,250,600
"14A",0,0,0
"16A",154,169,323
"16A",482,407,890
"16A",37,60,97
"16A",198,176,375
"16A",190,178,368
"16A",203,130,333
"16A",208,196,404
"16A",280,212,492
"16A",24,25,50
"16A",307,224,533
"16A",310,311,622
"16A",41,52,93
"16A",43,57,100
"16A",14,9,23
"16A",130,210,341
"16A",82,96,179
"16A",282,232,514
"16A",88,118,207
"16A",152,237,389
"16A",142,126,268
"16A",153,404,559
"16A",32,16,48
"16A",527,651,1179
"16A",327,283,610
"16A",345,231,578
"16A",117,184,301
"16A",107,142,249
"16A",121,138,259
"16A",40,27,67
"16A",779,844,1624
"16A",527,411,939
"16A",218,166,384
"16A",76,62,138
"16A",65,92,157
"16A",25,14,39
"16A",44,29,73
"16A",106,74,180
"16A",6,3,9
"16A",35,30,65
"16A",112,100,212
"16A",17,16,33
"16A",136,103,239
"16A",685,485,1172
"16A",23,26,49
"16A",750,528,1279
"11B",66,85,152
"11B",0,0,0
"11B",58,132,190
"11B",151,128,279
"11B",939,1256,2196
"11B",57,115,172
"11B",493,536,1031
"11B",242,403,646
"11B",44,97,141
"11B",183,255,439
"11B",29,59,88
"11B",67,74,141
"11B",194,437,632
"11B",82,173,255
"11B",72,110,182
"11B",73,172,245
"11B",73,98,171
"11B",104,119,223
"11B",90,95,185
"11B",129,246,375
"11B",101,219,320
"11B",121,195,316
"11B",91,149,240
"11B",45,124,169
"11B",145,199,344
"11B",10,39,49
"11B",93,212,307
"11B",62,148,210
"11B",76,113,191
"11B",69,110,179
"11B",116,148,264
"11B",119,163,282
"11B",66,93,159
"11B",113,209,322
"11B",48,87,135
"11B",91,206,297
"11B",45,83,129
"11B",33,117,150
"11B",118,182,300
"11B",130,201,331
"11B",441,662,1104
"11B",120,142,262
"11B",192,243,435
"11B",114,125,239
"11B",17,56,73
"11B",286,457,746
"11B",99,128,227
"11B",103,98,202
"11B",39,101,140
"11B",119,167,287
"11B",95,163,259
"11B",8,23,31
"11B",0,0,0
"11B",60,103,164
"11B",0,0,0
"11A",90,42,132
"11A",83,46,129
"11A",429,236,666
"11A",465,273,740
"11A",454,265,719
"11A",277,235,512
"11A",408,242,652
"11A",248,112,360
"11A",130,86,217
"11A",157,94,251
"11A",82,41,124
"11A",62,39,101
"11A",297,118,417
"11A",271,161,432
"11A",1575,747,2325
"11A",102,57,159
"11A",362,205,567
"11A",151,90,241
"11A",103,49,152
"11A",33,22,55
"11A",258,156,415
"11A",82,46,128
"11A",95,55,150
"11A",158,80,238
"11A",70,91,162
"11A",44,15,60
"11A",372,244,616
"11A",122,79,202
"11A",46,24,70
"11A",85,75,162
"11A",22,9,31
"11A",133,75,208
"11A",168,133,301
"11A",74,53,127
"11A",42,10,52
"11A",49,30,79
"11A",26,27,53
"11A",39,24,63
"11A",16,8,24
"11A",25,8,33
"11A",179,80,259
"11A",39,34,73
"11A",45,24,69
"11A",68,26,94
"11A",42,36,78
"11A",54,37,91
"11A",163,227,392
"11A",98,285,387
"11A",243,250,493
"11A",241,127,368
"11A",99,10,110
"11A",181,182,364
"11A",40,17,57
"11A",49,18,67
"11A",163,65,228
"11A",117,40,157
"11A",88,44,132
"11A",37,31,68
"11A",39,15,54
"11A",38,12,50
"11A",124,48,172
"11A",209,92,301
"11A",108,23,131
"11A",92,6,98
"11A",204,161,365
"11A",213,82,295
"11A",46,23,69
"11A",59,28,87
"11A",55,16,71
"11A",35,7,42
"11A",106,23,129
"11A",32,8,40
"56B",0,0,0
"56B",1921,1467,3390
"56B",64,167,231
"56B",694,1116,1811
"56B",1027,1038,2068
"56B",762,1132,1894
"56B",956,1203,2160
"56B",918,930,1850
"56B",1169,1018,2189
"56B",986,1207,2195
"56B",644,331,976
"56B",0,0,0
"56B",450,430,880
"56A",375,498,875
"56A",488,420,909
"56A",767,825,1592
"56A",1263,962,2225
"56A",419,527,946
"56A",108,88,196
"56A",199,351,552
"56A",295,457,752
"56A",543,621,1164
"56A",546,1028,1575
"56A",79,153,232
"56A",1173,883,2057
"56A",964,918,1885
"56A",777,710,1487
"56A",974,773,1749
"52B",254,297,551
"52B",442,186,630
"52B",1381,939,2321
"52B",1151,778,1929
"52B",66,73,139
"52B",657,404,1062
"52B",844,940,1784
"52B",1127,909,2037
"52B",143,297,440
"52B",846,864,1710
"52B",126,94,220
"52B",131,166,297
"52B",366,576,943
"52B",323,453,776
"52B",546,452,999
"52B",759,716,1476
"52B",552,722,1274
"52B",514,578,1093
"52B",74,119,193
"52B",761,704,1466
"52B",86,78,164
"18B",124,101,225
"18B",83,83,166
"18B",88,100,188
"18B",41,42,83
"18B",114,139,253
"18B",53,52,105
"18B",78,90,168
"18B",56,76,132
"18B",257,202,460
"18B",181,187,369
"18B",380,253,634
"18B",506,300,806
"18B",141,179,321
"18B",192,159,351
"18B",161,230,391
"18B",106,174,280
"18B",312,244,558
"18B",266,366,632
"18B",203,322,525
"18B",207,326,533
"18B",273,358,632
"18B",176,265,441
"18B",189,229,419
"18B",122,101,223
"18B",84,71,155
"18B",142,137,279
"18B",197,139,336
"18B",611,596,1207
"18B",274,286,560
"18B",713,447,1161
"18B",421,190,613
"18B",683,467,1150
"18B",455,314,769
"18B",270,158,428
"18B",241,155,397
"18B",38,31,69
"18B",422,300,722
"23A",280,863,1145
"23A",338,692,1032
"23A",88,76,164
"23A",126,89,215
"23A",80,52,133
"23A",350,309,660
"23A",310,324,635
"23A",266,413,680
"23A",343,400,746
"23A",320,230,550
"23A",299,280,579
"23A",90,52,142
"23A",42,28,70
"23A",158,113,271
"23A",206,108,314
"23A",98,139,238
"23A",87,55,142
"23A",102,98,200
"23A",178,165,343
"23A",325,374,700
"23A",173,152,325
"23A",0,0,0
"23A",95,65,160
"23A",281,147,430
"23A",163,102,265
"23A",168,304,473
"23A",176,338,514
"23A",159,154,314
"23A",145,124,270
"23A",24,16,40
"23A",540,673,1216
"23A",443,542,987
"23A",65,65,130
"23A",70,57,127
"23A",50,54,104
"23A",59,46,106
"23A",70,57,127
"23A",428,420,848
"23A",165,136,302
"23A",89,58,147
"23A",79,53,132
"23A",53,48,101
"23A",86,60,146
"23A",65,58,123
"23A",286,245,533
"23B",0,0,0
"23B",308,305,615
"23B",19,37,56
"23B",378,945,1326
"23B",322,364,688
"23B",358,558,917
"23B",689,1015,1706
"23B",217,640,863
"23B",582,807,1392
"23B",305,513,821
"23B",341,521,863
"23B",73,115,188
"23B",78,186,267
"23B",460,913,1376
"23B",113,317,430
"23B",270,203,476
"23B",185,275,463
"23B",453,558,1014
"23B",203,157,362
"23B",161,246,408
"23B",174,311,487
"23B",0,5,5
"23B",87,182,269
"23B",471,522,995
"16B",785,643,1430
"16B",1080,686,1766
"16B",417,243,661
"16B",1180,1016,2197
"16B",292,308,600
"16B",417,350,767
"16B",711,484,1196
"16B",370,239,611
"16B",102,87,189
"16B",480,346,828
"16B",545,278,823
"16B",383,251,636
"16B",592,318,910
"16B",691,501,1192
"16B",591,529,1120
"16B",365,237,602
"16B",694,476,1171
"16B",789,546,1337
"16B",0,0,0
"05A",140,605,747
"05A",30,86,116
"05A",62,403,466
"05A",95,365,461
"05A",71,361,432
"05A",24,80,104
"05A",92,401,493
"05A",47,112,159
"05A",170,784,954
"05A",100,270,370
"05A",53,269,322
"05A",32,184,217
"05A",73,252,325
"05A",24,195,219
"05A",269,889,1159
"05A",53,147,200
"05A",0,0,0
"05A",198,922,1123
"05A",15,36,51
"05A",9,82,91
"05A",3,31,34
"05A",11,45,56
"05A",9,32,41
"05A",93,580,674
"05A",152,589,741
"05A",40,175,215
"05A",12,37,49
"05A",0,0,0
"05A",39,165,204
"05A",15,59,74
"05A",0,4,4
"05A",0,0,0
"05A",0,0,0
"05A",160,399,560
"05A",0,0,0
"05A",0,0,0
"05A",45,144,189
"05A",138,745,885
"05A",158,596,757
"05A",111,546,658
"05A",182,679,862
"05A",19,108,128
"05A",135,676,811
"05A",96,307,403
"05A",65,207,272
"05A",89,289,378
"05B",47,167,214
"05B",7,31,38
"05B",78,339,419
"05B",25,69,95
"05B",69,372,441
"05B",386,1763,2150
"05B",69,199,268
"05B",26,61,87
"05B",27,51,78
"05B",29,34,63
"05B",40,169,209
"05B",41,93,134
"05B",275,400,677
"05B",383,776,1159
"05B",26,50,76
"05B",13,28,41
"05B",77,280,357
"05B",35,262,298
"05B",39,164,203
"05B",94,304,399
"05B",75,238,313
"05B",111,339,450
"05B",183,691,874
"05B",20,52,72
"05B",109,305,414
"05B",225,730,955
"05B",287,988,1275
"05B",338,1181,1520
"05B",74,255,329
"05B",33,115,148
"05B",53,180,233
"05B",38,148,186
"05B",27,113,140
"05B",25,62,87
"05B",0,0,0
"05B",3,22,25
"05B",8,11,19
"05B",229,660,890
"05B",27,61,88
"05B",26,121,147
"05B",33,108,141
"05B",0,0,0
"05B",17,74,91
"05B",0,0,0
"07B",0,742,766
"07B",0,983,1011
"07B",0,372,379
"07B",0,373,380
"07B",0,587,602
"07B",0,326,333
"07B",0,524,555
"07B",0,545,568
"07B",0,914,948
"07B",0,717,742
"07B",0,749,764
"07B",0,371,381
"07B",0,887,915
"07B",0,1164,1189
"07B",0,589,607
"07B",0,988,1023
"07A",330,733,1066
"07A",293,715,1009
"07A",160,691,856
"07A",400,819,1221
"07A",387,708,1096
"07A",458,738,1198
"07A",652,1269,1923
"07A",251,813,1067
"07A",290,558,850
"07A",590,930,1522
"07A",402,774,1177
"07A",389,633,1029
"07A",213,774,991
"07A",162,703,868
"07A",116,365,481
"21B",102,40,142
"21B",72,37,109
"21B",67,79,146
"21B",79,33,112
"21B",7,9,16
"21B",110,80,190
"21B",79,55,134
"21B",49,78,127
"21B",211,215,427
"21B",84,36,120
"21B",13,16,29
"21B",98,111,209
"21B",194,71,265
"21B",243,173,416
"21B",48,62,110
"21B",300,367,668
"21B",334,372,707
"21B",317,340,657
"21B",364,343,709
"21B",588,542,1132
"21B",360,367,727
"21B",386,361,747
"21B",429,423,852
"21B",86,30,116
"21B",105,35,140
"21B",96,86,182
"21B",346,207,553
"21B",504,260,764
"21B",225,179,405
"21B",249,203,452
"21B",118,41,159
"21B",24,37,61
"21B",58,26,84
"21B",68,39,107
"21B",43,25,68
"21B",207,149,356
"21B",44,40,84
"21B",223,123,346
"21B",85,32,117
"21B",30,24,54
"21B",14,25,40
"21B",89,58,147
"21B",46,39,85
"21B",48,41,89
"21B",53,27,80
"21B",121,141,262
"21B",30,19,49
"21B",57,40,98
"21B",54,39,93
"21B",107,87,195
"21B",93,35,128
"21B",21,17,38
"21B",29,21,50
"21B",378,439,817
"21B",95,84,180
"21B",90,55,145
"21B",90,73,163
"13B",42,71,113
"13B",257,53,310
"13B",165,178,344
"13B",164,250,415
"13B",243,295,540
"13B",55,41,96
"13B",539,590,1130
"13B",42,57,99
"13B",85,38,123
"13B",79,103,182
"13B",77,140,217
"13B",381,467,849
"13B",144,203,347
"13B",139,53,192
"13B",37,84,121
"13B",99,132,231
"13B",150,185,336
"13B",52,60,112
"13B",118,61,179
"13B",192,317,509
"13B",627,804,1432
"13B",76,85,161
"13B",157,158,315
"13B",124,82,207
"13B",105,87,192
"13B",241,323,565
"13B",147,111,258
"13B",242,271,514
"13B",196,270,468
"13B",190,220,410
"13B",239,374,613
"13B",305,403,708
"13B",396,485,881
"13B",280,376,657
"13B",246,382,628
"13B",182,288,471
"13B",255,320,576
"13B",95,107,202
"59B",80,270,381
"59B",152,895,1167
"59B",116,619,832
"59B",84,650,789
"59B",113,485,697
"59B",160,765,1096
"59B",157,441,673
"59B",92,627,771
"59B",38,596,653
"59B",320,785,1231
"59B",241,557,889
"59B",152,730,989
"59B",263,1238,1660
"59A",118,560,680
"59A",205,1161,1372
"59A",114,537,653
"59A",401,1498,1908
"59A",316,1325,1643
"59A",284,1204,1493
"59A",204,982,1193
"59A",219,1217,1440
"59A",109,495,607
"59A",199,964,1173
"59A",108,633,743
"59A",182,972,1159
"58A",112,527,682
"58A",123,680,873
"58A",85,434,553
"58A",165,772,981
"58A",152,506,705
"58A",132,557,747
"58A",323,923,1319
"58A",134,471,638
"58A",134,749,927
"58A",226,721,986
"58A",182,856,1100
"58A",63,308,407
"62B",182,706,891
"62B",324,1345,1672
"62B",387,1267,1659
"62B",271,1333,1608
"62B",472,1782,2258
"62B",358,1220,1580
"62B",336,1443,1782
"62B",236,920,1158
"62B",148,1075,1225
"62B",151,837,991
"62B",215,925,1143
"62B",217,771,991
"62B",227,1012,1242
"60B",347,1255,1607
"60B",163,554,720
"60B",280,1647,1935
"60B",158,970,1132
"60B",189,960,1155
"60B",193,1253,1450
"60B",148,990,1141
"60B",320,961,1283
"60B",322,1530,1855
"60B",291,1162,1455
"60B",402,1628,2034
"60B",540,1855,2398
"60B",172,687,859
"61B",107,1164,1273
"61B",156,1218,1379
"61B",112,969,1084
"61B",97,898,1000
"61B",206,1410,1622
"61B",61,486,550
"61B",31,254,285
"61B",49,462,513
"61B",73,847,928
"61B",54,459,515
"61B",65,548,614
"61B",75,738,815
"61B",60,561,623
"62A",291,1563,1857
"62A",279,1471,1753
"62A",289,1275,1566
"62A",164,696,861
"62A",50,131,181
"62A",71,1157,1231
"62A",205,1533,1748
"62A",122,593,715
"62A",202,1167,1370
"62A",172,799,974
"62A",226,1187,1418
"62A",200,874,1076
"62A",437,1742,2185
"61A",169,1481,1655
"61A",101,386,489
"61A",4,132,136
"61A",145,1763,1911
"61A",150,1163,1315
"61A",95,375,472
"61A",45,386,432
"61A",35,269,307
"61A",92,454,548
"61A",31,254,286
"61A",52,390,445
"60A",154,1233,1394
"60A",179,1146,1329
"60A",111,677,789
"60A",225,1277,1505
"60A",251,951,1204
"60A",295,1392,1690
"60A",263,939,1204
"60A",209,1153,1371
"60A",451,1552,2007
"60A",160,544,706
"60A",484,779,1268
"60A",221,1134,1358
"19B",0,0,0
"19B",68,63,131
"19B",0,0,0
"19B",1258,887,2146
"19B",1472,706,2179
"19B",848,484,1332
"19B",0,0,0
"19B",478,403,882
"19B",2272,1591,3868
"19B",708,592,1303
"19B",854,635,1492
"19B",1596,899,2498
"19B",2060,1254,3320
"19B",258,179,438
"19B",282,190,472
"19B",315,194,511
"46A",254,454,708
"46A",112,294,407
"46A",319,546,867
"46A",313,430,743
"46A",273,541,817
"46A",188,374,562
"46A",273,542,816
"46A",382,525,908
"46A",371,581,953
"46A",169,413,583
"46A",485,909,1398
"46A",283,398,681
"32A",940,486,1430
"32A",713,409,1123
"32A",219,165,384
"32A",163,182,345
"32A",783,511,1294
"32A",866,387,1253
"32A",166,92,259
"32A",938,302,1241
"32A",857,514,1373
"32A",953,627,1580
"32A",582,496,1081
"32A",739,393,1132
"32A",700,385,1085
"32A",621,428,1049
"32A",673,310,984
"32A",1367,539,1908
"32A",841,408,1250
"32A",1297,662,1959
"32A",13,11,24
"32A",546,284,831
"32B",431,548,1041
"32B",491,504,1046
"32B",511,519,1071
"32B",394,321,745
"32B",510,467,1029
"32B",393,333,782
"32B",683,456,1200
"32B",435,348,826
"32B",420,429,895
"32B",612,559,1241
"32B",452,361,866
"32B",481,602,1125
"32B",547,591,1200
"32B",453,409,929
"32B",509,458,1016
"32B",464,525,1038
"33A",1834,0,1880
"33A",1490,0,1534
"33A",248,0,249
"33A",586,0,604
"33A",0,0,0
"33A",1028,0,1060
"33A",1197,0,1235
"33A",329,0,344
"33A",816,0,853
"33A",1016,0,1079
"33A",637,0,669
"33A",524,0,554
"33A",638,0,657
"33A",741,0,776
"33A",999,0,1038
"33A",1042,0,1087
"33A",458,0,470
"33A",768,0,783
"43A",89,112,201
"43A",262,230,492
"43A",684,585,1270
"43A",636,364,1001
"43A",1065,786,1852
"43A",436,479,917
"43A",774,498,1272
"43A",707,647,1356
"43A",695,771,1466
"43A",280,427,709
"43A",1257,1177,2436
"43A",564,674,1239
"43A",510,530,1041
"43A",651,513,1164
"43A",740,636,1379
"33B",582,466,1051
"33B",541,534,1080
"33B",399,584,986
"33B",268,185,454
"33B",422,421,844
"33B",248,224,476
"33B",560,530,1091
"33B",334,304,639
"33B",493,450,944
"33B",200,124,324
"33B",816,467,1283
"33B",428,307,738
"33B",429,344,775
"33B",837,459,1299
"33B",578,414,992
"33B",79,55,134
"33B",488,351,840
"33B",466,537,1003
"33B",532,418,950
"33B",456,368,826
"33B",1189,804,1994
"33B",185,96,283
"42A",523,604,1130
"42A",760,768,1528
"42A",613,631,1245
"42A",738,729,1468
"42A",454,530,985
"42A",567,526,1095
"42A",428,391,819
"42A",512,772,1284
"42A",621,879,1503
"42A",437,756,1194
"42A",248,408,656
"42A",94,103,197
"42A",430,596,1027
"42A",701,843,1544
"42A",511,738,1251
"42A",468,647,1116
"42A",26,42,68
"42B",903,572,1477
"42B",1073,470,1545
"42B",1220,616,1838
"42B",390,500,893
"42B",1031,776,1807
"42B",707,521,1228
"42B",1106,533,1641
"42B",731,493,1226
"42B",1039,603,1643
"42B",799,359,1158
"42B",1266,446,1713
"42B",1124,491,1615
"40B",464,1025,1492
"40B",368,873,1242
"40B",378,821,1201
"40B",244,597,843
"40B",370,795,1166
"40B",381,881,1264
"40B",354,758,1114
"40B",431,906,1339
"40B",460,859,1320
"40B",445,574,1023
"40B",460,989,1449
"40B",315,723,1039
"40B",435,1022,1457
"40B",258,611,870
"63B",436,586,1057
"63B",286,348,656
"63B",390,671,1108
"63B",424,572,1045
"63B",579,693,1326
"63B",381,503,918
"63B",541,690,1279
"63B",342,447,821
"63B",2,8,11
"63B",262,529,817
"63B",347,644,1027
"63B",453,946,1456
"63B",404,817,1268
"41B",861,760,1623
"41B",632,489,1121
"41B",522,684,1208
"41B",743,628,1374
"41B",539,447,986
"41B",688,447,1135
"41B",631,551,1185
"41B",614,767,1384
"41B",823,557,1383
"41B",756,546,1305
"41B",458,436,895
"41B",313,493,809
"41B",910,547,1458
"41B",476,550,1026
"41B",374,245,619
"41A",743,562,1307
"41A",1006,537,1544
"41A",647,472,1120
"41A",1101,479,1584
"41A",701,685,1387
"41A",1068,543,1612
"41A",920,501,1422
"41A",601,432,1034
"41A",850,480,1332
"41A",665,580,1248
"41A",854,375,1230
"41A",897,628,1529
"41A",696,717,1414
"41A",718,429,1147
"41A",666,810,1478
"43B",292,356,648
"43B",462,601,1065
"43B",612,690,1303
"43B",466,774,1240
"43B",630,865,1495
"43B",268,535,803
"43B",339,477,817
"43B",425,376,802
"43B",646,634,1281
"43B",353,489,842
"43B",704,677,1382
"43B",69,66,135
"43B",615,420,1035
"43B",627,601,1228
"43B",612,493,1105
"43B",881,948,1833
"44A",300,760,1060
"44A",336,576,917
"44A",280,729,1010
"44A",295,700,999
"44A",370,685,1056
"44A",301,595,898
"44A",217,407,624
"44A",470,925,1397
"44A",197,501,703
"44A",131,420,556
"44A",489,1352,1841
"44A",354,880,1235
"44A",406,1088,1497
"44A",412,1169,1583
"44A",313,689,1002
"44B",371,717,1095
"44B",269,668,940
"44B",376,1051,1431
"44B",336,815,1154
"44B",389,652,1043
"44B",702,1183,1888
"44B",412,868,1284
"44B",459,1340,1800
"44B",198,586,785
"44B",419,902,1322
"44B",349,693,1045
"44B",306,704,1012
"44B",428,1132,1561
"44B",262,676,940
"45A",358,577,935
"45A",324,507,833
"45A",307,585,892
"45A",449,602,1053
"45A",329,446,776
"45A",294,548,842
"45A",339,533,872
"45A",369,435,806
"45A",360,529,890
"45A",554,751,1306
"45A",334,488,823
"45A",210,329,540
"45A",149,235,385
"45A",674,619,1293
"45A",710,789,1501
"45A",643,643,1289
"45B",569,816,1388
"45B",416,720,1138
"45B",470,800,1271
"45B",369,708,1078
"45B",415,791,1209
"45B",609,1085,1695
"45B",401,932,1333
"45B",588,729,1318
"45B",0,0,0
"45B",469,885,1357
"45B",649,1205,1858
"45B",421,898,1321
"45B",394,983,1378
"46B",414,1001,1417
"46B",328,734,1062
"46B",513,908,1424
"46B",518,1037,1556
"46B",563,1067,1633
"46B",331,623,957
"46B",281,608,890
"46B",310,589,900
"46B",233,438,673
"46B",357,545,904
"63A",205,705,911
"63A",341,1686,2032
"63A",300,1109,1411
"63A",383,1437,1822
"63A",353,1214,1568
"63A",559,1297,1859
"63A",368,884,1254
"63A",355,770,1128
"63A",625,1578,2206
"63A",660,1624,2288
"08A",21,34,55
"08A",16,57,74
"08A",59,129,188
"08A",12,48,60
"08A",53,163,216
"08A",186,344,530
"08A",15,31,46
"08A",132,214,346
"08A",84,244,329
"08A",392,724,1117
"08A",218,579,797
"08A",213,537,750
"08A",256,628,888
"08A",297,545,843
"08A",30,199,231
"08A",14,57,71
"08A",26,58,84
"08A",79,194,273
"08A",29,63,92
"08A",53,93,146
"08A",26,46,72
"08A",20,62,82
"08A",74,189,264
"08A",171,415,587
"08A",31,67,98
"08A",187,275,462
"08A",0,12,12
"08A",98,337,435
"08A",40,94,134
"08A",110,209,320
"08A",72,144,217
"08A",48,126,175
"08A",55,135,190
"08A",19,35,56
"08A",10,30,40
"08A",297,617,915
"08A",45,129,174
"08A",18,30,48
"08A",26,69,95
"08A",119,350,469
"08A",3,31,34
"08A",15,21,36
"08A",62,98,160
"08A",28,80,108
"08A",35,68,103
"08A",27,37,64
"08A",77,66,143
"08A",4,11,15
"08A",38,73,111
"08A",20,32,52
"08A",34,10,44
"08A",72,89,161
"08A",28,36,64
"08A",6,18,24
"08A",30,84,114
"08A",59,135,194
"08A",19,20,39
"08A",24,37,61
"08A",33,77,110
"08A",22,75,98
"08A",8,9,17
"08A",104,142,246
"08A",109,148,257
"08A",37,106,143
"08A",54,84,138
"08A",51,87,138
"08A",11,11,22
"08A",230,501,731
"08A",17,95,112
"08A",27,84,111
"08B",71,88,161
"08B",398,391,797
"08B",0,0,0
"08B",300,261,564
"08B",229,235,466
"08B",53,82,137
"08B",49,39,88
"08B",187,203,393
"08B",31,36,67
"08B",54,43,97
"08B",99,83,182
"08B",181,121,302
"08B",253,270,525
"08B",50,55,105
"08B",577,712,1293
"08B",195,204,404
"08B",0,0,0
"08B",282,224,507
"08B",172,137,309
"08B",165,177,342
"08B",118,66,185
"08B",18,23,41
"08B",172,127,299
"08B",206,177,383
"08B",79,76,155
"08B",100,131,231
"08B",7,29,36
"08B",82,97,179
"08B",148,176,325
"08B",196,224,421
"08B",8,22,30
"08B",184,320,505
"08B",91,120,211
"08B",174,169,343
"08B",43,76,119
"08B",502,668,1171
"08B",294,356,650
"08B",342,331,673
"08B",516,711,1229
"08B",212,232,446
"08B",195,309,505
"08B",181,144,326
"27A",70,71,141
"27A",118,104,222
"27A",110,40,150
"27A",69,81,150
"27A",5,18,23
"27A",132,122,254
"27A",89,60,149
"27A",79,53,132
"27A",80,62,142
"27A",150,157,308
"27A",5,24,29
"27A",113,84,197
"27A",135,104,239
"27A",84,93,177
"27A",88,118,206
"27A",239,160,399
"27A",99,96,195
"27A",24,55,79
"27A",181,142,323
"27A",1172,763,1936
"27A",561,602,1164
"27A",761,753,1515
"27A",743,730,1475
"27A",312,563,877
"27A",99,57,156
"27A",434,686,1123
"27A",314,294,608
"27A",210,193,404
"27A",3,3,6
"27A",106,106,212
"27A",101,68,169
"27A",158,186,344
"27A",34,38,72
"27A",103,97,200
"27A",68,66,134
"27A",62,72,135
"27A",143,129,272
"27A",113,102,215
"27A",115,103,219
"27A",130,195,326
"27A",150,233,384
"27A",87,130,218
"27A",30,50,80
"27A",88,151,239
"27A",68,97,165
"27A",78,84,162
"27A",76,111,187
"27A",64,133,198
"27A",79,178,258
"09A",469,386,855
"09A",38,23,61
"09A",56,32,88
"09A",27,11,38
"09A",19,15,34
"09A",32,23,55
"09A",52,27,79
"09A",98,47,145
"09A",593,405,1002
"09A",97,40,137
"09A",315,315,630
"09A",304,437,743
"09A",402,376,779
"09A",635,432,1068
"09A",548,474,1023
"09A",326,315,642
"09A",1176,490,1666
"09A",691,396,1088
"09A",452,327,780
"09A",658,386,1046
"09A",63,32,95
"09A",29,79,108
"09A",48,39,87
"09A",133,83,216
"09A",528,271,800
"09A",46,22,68
"09A",32,17,49
"15A",0,0,0
"15A",0,0,0
"15A",148,98,246
"15A",586,293,880
"15A",803,485,1288
"15A",223,219,443
"15A",140,237,379
"15A",148,263,412
"15A",0,0,0
"15A",432,443,877
"15A",0,0,0
"15A",98,245,344
"15A",41,112,154
"15A",267,488,756
"15A",404,729,1139
"15A",559,410,969
"15A",489,404,894
"15A",365,397,762
"15A",554,605,1161
"15A",186,145,332
"14B",102,181,283
"14B",140,128,268
"14B",396,439,835
"14B",423,334,757
"14B",319,334,654
"14B",0,0,0
"14B",238,333,572
"14B",332,310,642
"14B",418,513,932
"14B",63,105,168
"14B",714,866,1581
"14B",415,565,981
"14B",231,591,833
"14B",280,319,599
"14B",226,143,369
"14B",310,372,682
"14B",428,600,1030
"14B",16,29,45
"14B",343,353,696
"14B",73,214,288
"14B",160,218,380
"14B",0,0,0
"14B",642,682,1330
"14B",50,41,91
"14B",19,21,40
"14B",404,972,1378
"14B",299,428,728
"14B",0,0,0
"13A",17,7,24
"13A",94,21,115
"13A",176,23,201
"13A",97,19,116
"13A",240,62,304
"13A",33,7,40
"13A",103,25,128
"13A",61,13,74
"13A",802,243,1046
"13A",236,62,298
"13A",351,50,401
"13A",119,25,144
"13A",35,39,74
"13A",54,26,80
"13A",48,63,111
"13A",196,108,304
"13A",159,69,228
"13A",109,48,157
"13A",184,119,303
"13A",78,34,112
"13A",62,36,98
"13A",129,83,212
"13A",51,34,85
"13A",336,295,631
"13A",85,40,125
"13A",50,30,80
"13A",3,15,18
"13A",79,40,119
"13A",160,122,282
"13A",101,86,187
"13A",82,97,179
"13A",129,122,253
"13A",254,245,499
"13A",308,301,610
"13A",100,50,151
"13A",13,7,20
"13A",146,91,237
"13A",38,18,56
"13A",0,0,0
"13A",68,18,86
"13A",58,38,96
"13A",71,31,102
"13A",71,52,124
"13A",70,49,119
"13A",81,53,134
"13A",79,41,120
"13A",10,13,23
"13A",606,455,1061
"13A",124,57,182
"13A",371,230,601
"13A",94,40,134
"13A",89,39,128
"13A",650,179,830
"13A",286,63,349
"13A",71,22,93
"13A",194,80,274
"13A",224,59,283
"13A",91,10,101
"13A",107,23,130
"13A",232,51,283
"13A",105,8,113
"13A",63,15,78
"13A",191,27,218
"13A",34,6,40
"13A",65,13,78
"13A",110,14,124
"13A",139,33,172
"13A",34,6,40
"13A",1210,356,1566
"13A",324,85,409
"13A",19,6,25
"13A",97,25,122
"20B",10,86,96
"20B",30,45,75
"20B",24,110,134
"20B",273,314,587
"20B",29,46,75
"20B",22,34,56
"20B",153,271,424
"20B",49,70,119
"20B",23,65,89
"20B",45,94,139
"20B",32,49,81
"20B",11,66,77
"20B",56,102,158
"20B",30,119,149
"20B",370,628,998
"20B",419,700,1123
"20B",82,45,127
"20B",63,97,160
"20B",134,300,434
"20B",44,72,116
"20B",17,73,90
"20B",20,63,84
"20B",60,50,110
"20B",39,55,94
"20B",59,60,119
"20B",336,591,927
"20B",42,47,89
"20B",1,21,22
"20B",24,59,83
"20B",60,141,201
"20B",62,41,103
"20B",38,60,98
"20B",59,62,121
"20B",106,130,236
"20B",219,278,497
"20B",201,218,420
"20B",58,58,117
"20B",33,34,67
"20B",63,49,112
"20B",43,50,93
"20B",94,70,164
"20B",55,66,121
"20B",54,39,93
"20B",127,128,255
"20B",53,42,95
"20B",44,61,105
"20B",45,35,80
"20B",58,49,108
"20B",102,99,202
"20B",64,43,107
"20B",98,114,213
"20B",57,114,171
"20B",37,45,82
"20B",30,70,100
"20B",251,205,456
"20B",81,120,201
"20B",65,46,111
"20B",39,54,93
"20B",42,65,107
"20B",42,25,67
"20B",55,51,106
"20B",523,507,1030
"20B",50,24,74
"20B",58,49,107
"20B",58,50,109
"20B",219,251,470
"20B",52,86,138
"20B",61,66,127
"20B",52,81,133
"20B",41,44,85
"20B",57,44,101
"20B",182,206,389
"20B",52,50,102
"20B",47,38,85
"20B",81,120,201
"20B",47,63,110
"20B",0,0,0
"30B",292,438,730
"30B",201,354,556
"30B",80,156,236
"30B",76,108,184
"30B",80,114,194
"30B",125,96,221
"30B",400,411,811
"30B",335,167,502
"30B",128,176,304
"30B",214,152,366
"30B",52,86,138
"30B",513,610,1123
"30B",131,233,364
"30B",495,505,1000
"30B",293,366,659
"30B",319,330,649
"30B",606,666,1277
"30B",7,1,8
"30B",26,16,43
"30B",187,127,314
"30B",1362,999,2363
"30B",135,124,259
"30B",384,343,728
"30B",138,245,383
"30B",141,189,331
"30B",239,411,650
"30B",219,355,574
"30B",87,124,212
"30B",1165,1237,2405
"30B",498,495,995
"28B",0,0,0
"28B",159,78,237
"28B",62,52,114
"28B",363,309,674
"28B",29,35,65
"28B",91,99,190
"28B",58,57,116
"28B",91,118,209
"28B",191,142,333
"28B",225,98,323
"28B",38,23,61
"28B",19,14,33
"28B",37,48,86
"28B",96,53,149
"28B",15,6,21
"28B",111,66,177
"28B",162,77,239
"28B",481,339,821
"28B",144,57,201
"28B",312,184,496
"28B",194,95,289
"28B",662,352,1014
"28B",334,157,491
"28B",179,82,262
"28B",203,57,260
"28B",190,83,273
"28B",255,100,355
"28B",454,247,702
"28B",356,192,548
"28B",115,48,163
"28B",15,6,21
"28B",128,51,180
"28B",65,55,120
"28B",97,50,147
"28B",248,109,357
"28B",45,21,66
"28B",50,55,105
"28B",88,52,140
"28B",353,335,689
"28B",340,350,690
"28B",165,121,287
"28B",96,98,194
"28B",401,262,664
"28B",10,21,31
"28B",34,50,84
"28B",81,60,141
"28B",129,83,212
"28B",269,217,487
"28B",871,536,1410
"28B",144,83,227
"28B",133,153,287
"28B",55,45,100
"28B",180,84,266
"28B",41,30,71
"28A",274,402,677
"28A",81,117,199
"28A",248,323,571
"28A",243,359,603
"28A",96,84,181
"28A",59,141,200
"28A",125,105,235
"28A",129,49,178
"28A",406,413,823
"28A",413,439,856
"28A",326,267,595
"28A",219,186,408
"28A",404,366,771
"28A",232,149,383
"28A",145,63,210
"28A",233,187,422
"28A",374,300,677
"28A",177,175,352
"28A",104,150,256
"28A",279,292,573
"28A",457,414,873
"28A",352,336,689
"28A",116,141,257
"28A",490,380,870
"28A",159,280,439
"28A",417,431,852
"28A",108,188,296
"28A",183,223,406
"28A",257,297,554
"28A",229,222,454
"28A",132,272,404
"28A",160,325,486
"28A",123,231,357
"28A",149,88,237
"19A",311,271,582
"19A",329,256,585
"19A",626,427,1056
"19A",977,646,1624
"19A",672,473,1147
"19A",422,193,616
"19A",918,553,1472
"19A",623,234,858
"19A",294,273,569
"19A",380,305,685
"19A",602,418,1020
"19A",468,286,754
"19A",2003,1850,3858
"19A",883,647,1534
"19A",683,477,1160
"29B",359,427,787
"29B",366,517,884
"29B",588,635,1228
"29B",775,724,1501
"29B",371,379,753
"29B",592,603,1196
"29B",605,536,1142
"29B",583,639,1223
"29B",409,458,869
"29B",747,684,1435
"29B",860,675,1537
"29B",527,484,1011
"29B",161,212,374
"29B",138,203,342
"29B",461,512,976
"29B",120,73,193
"29B",0,0,0
"30A",586,608,1197
"30A",320,395,717
"30A",300,388,692
"30A",1,0,1
"30A",129,169,298
"30A",487,430,917
"30A",222,271,493
"30A",245,422,667
"30A",298,427,725
"30A",314,361,677
"30A",124,163,289
"30A",451,485,940
"30A",213,350,563
"30A",527,741,1272
"30A",393,461,856
"30A",542,553,1097
"30A",1184,882,2068
"06B",108,324,433
"06B",13,60,73
"06B",646,1525,2176
"06B",300,675,975
"06B",532,1271,1809
"06B",190,517,708
"06B",462,959,1422
"06B",310,859,1171
"06B",148,672,821
"06B",271,718,993
"06B",294,788,1083
"06B",382,897,1281
"06B",166,443,610
"06B",251,1075,1328
"06B",510,1277,1789
"10A",56,41,97
"10A",136,118,254
"10A",401,276,678
"10A",233,175,408
"10A",191,65,256
"10A",167,91,258
"10A",59,37,96
"10A",17,26,43
"10A",149,118,267
"10A",38,67,105
"10A",274,165,440
"10A",118,110,228
"10A",174,217,391
"10A",265,185,450
"10A",85,116,201
"10A",38,48,86
"10A",211,163,375
"10A",31,35,66
"10A",86,85,171
"10A",227,197,424
"10A",301,243,547
"10A",370,258,628
"10A",407,297,706
"10A",555,331,892
"10A",294,257,552
"10A",356,242,598
"10A",386,286,672
"10A",457,277,734
"10A",177,164,342
"10A",338,174,512
"10A",65,70,135
"10A",202,207,409
"10A",205,138,344
"10A",68,48,116
"10A",62,50,112
"10A",91,90,181
"10A",63,80,143
"10A",54,40,94
"10A",192,125,317
"10A",296,261,558
"10A",35,52,87
"10A",108,71,179
"10A",123,115,238
"10A",93,95,188
"10A",150,152,302
"10A",119,159,278
"10A",45,39,85
"10A",132,115,248
"10A",65,81,146
"10A",12,8,20
"10A",90,86,176
"10A",19,22,41
"10A",42,16,58
"39B",296,566,864
"39B",675,1044,1721
"39B",351,1235,1587
"39B",311,1083,1394
"39B",442,1033,1475
"39B",452,1368,1821
"39B",260,986,1248
"39B",449,1305,1754
"39B",200,533,735
"39B",353,869,1224
"39B",374,924,1298
"39B",405,944,1352
"39B",167,156,323
"39A",23,79,102
"39A",675,1012,1687
"39A",220,265,486
"39A",564,724,1289
"39A",388,530,918
"39A",517,765,1282
"39A",578,732,1312
"39A",215,342,557
"39A",407,1100,1511
"39A",257,627,885
"39A",261,673,935
"39A",109,341,451
"39A",211,570,783
"39A",281,682,966
"39A",250,642,892
"39A",298,673,974
"39A",377,714,1094
"39A",414,740,1157
"36A",1137,583,1720
"36A",682,371,1053
"36A",583,391,974
"36A",1331,697,2029
"36A",886,523,1409
"36A",852,557,1409
"36A",925,524,1450
"36A",1245,747,1995
"36A",1104,570,1676
"36A",764,709,1476
"36A",327,305,632
"36A",946,777,1727
"31A",149,288,440
"31A",88,138,226
"31A",105,160,265
"31A",51,89,141
"31A",151,508,660
"31A",134,460,596
"31A",135,532,668
"31A",84,344,433
"31A",198,432,633
"31A",113,385,502
"31A",135,554,690
"31A",84,363,449
"31A",139,394,534
"31A",124,400,525
"31A",50,108,158
"31A",121,379,500
"31A",309,685,996
"31A",70,107,177
"31A",98,77,175
"31A",132,182,314
"31A",53,61,114
"31A",249,427,677
"31A",0,2,2
"31A",121,188,311
"31A",114,121,235
"31A",93,105,198
"31A",116,165,281
"31A",226,332,560
"31A",117,401,518
"31A",245,570,817
"31A",159,377,537
"31A",253,505,759
"37B",882,0,908
"37B",1137,0,1175
"37B",1072,0,1108
"37B",1031,0,1070
"37B",1250,0,1284
"37B",885,0,914
"37B",923,0,945
"37B",1229,0,1268
"37B",425,0,441
"37B",1339,0,1381
"37B",1467,0,1516
"37B",1401,0,1437
"37B",723,0,752
"37B",379,0,394
"38B",509,563,1074
"38B",456,679,1138
"38B",973,973,1946
"38B",424,435,859
"38B",1238,1061,2301
"38B",537,685,1223
"38B",667,738,1406
"38B",790,568,1358
"38B",483,538,1023
"38B",656,577,1235
"38B",897,734,1631
"38B",652,568,1221
"37A",648,641,1291
"37A",578,664,1244
"37A",628,641,1269
"37A",585,756,1342
"37A",393,497,890
"37A",1244,906,2151
"37A",319,466,788
"37A",703,685,1388
"37A",468,528,996
"37A",768,702,1474
"37A",690,700,1392
"37A",763,721,1484
"37A",452,527,979
"38A",339,459,798
"38A",647,679,1330
"38A",781,634,1415
"38A",902,761,1664
"38A",522,675,1197
"38A",390,491,883
"38A",586,688,1274
"38A",967,1005,1972
"38A",1028,905,1934
"38A",618,573,1191
"38A",764,731,1498
"57B",668,524,1227
"57B",501,381,909
"57B",649,424,1111
"57B",476,436,941
"57B",718,544,1302
"57B",872,585,1484
"57B",718,460,1204
"57B",267,149,430
"57B",352,365,761
"57B",335,246,595
"57B",241,222,481
"57B",234,193,449
"57B",222,190,428
"57B",218,156,386
"57B",570,531,1132
"57B",684,564,1293
"57B",628,421,1085
"57B",727,545,1312
"57B",555,308,893
"57B",0,1,1
"57B",102,99,210
"57A",0,0,0
"57A",308,672,1050
"57A",662,1469,2281
"57A",394,541,971
"57A",404,456,911
"57A",242,405,701
"57A",397,725,1181
"57A",326,805,1203
"57A",473,739,1270
"57A",391,663,1100
"57A",354,574,983
"57A",256,481,780
"57A",50,87,147
"57A",115,219,364
"57A",280,549,895
"57A",131,262,422
"34B",843,512,1357
"34B",765,582,1348
"34B",686,309,996
"34B",915,652,1571
"34B",799,483,1282
"34B",944,510,1455
"34B",1366,611,1977
"34B",960,784,1745
"34B",51,30,81
"34B",522,559,1081
"34B",1036,644,1682
"34B",820,590,1411
"34B",1217,725,1943
"34B",0,0,0
"34B",0,0,0
"36B",709,588,1297
"36B",365,286,652
"36B",569,309,879
"36B",564,509,1073
"36B",87,75,162
"36B",1258,851,2111
"36B",266,246,513
"36B",35,28,63
"36B",27,20,47
"36B",196,372,568
"36B",76,71,148
"36B",162,116,279
"36B",508,590,1100
"36B",30,29,59
"36B",204,158,362
"36B",564,427,995
"36B",659,355,1014
"36B",402,289,691
"36B",359,359,719
"36B",762,505,1269
"36B",825,460,1287
"36B",198,172,370
"36B",130,113,244
"36B",252,172,426
"36B",103,96,200
"36B",255,242,497
"36B",118,123,241
"36B",32,37,69
"36B",158,161,319
"36B",266,219,486
"36B",165,145,310
"06A",0,109,124
"06A",0,315,326
"06A",0,261,272
"06A",0,128,130
"06A",0,143,150
"06A",0,175,186
"06A",0,209,231
"06A",0,517,540
"06A",0,98,104
"06A",0,97,114
"06A",0,87,88
"06A",0,86,93
"06A",0,118,121
"06A",0,410,418
"06A",0,492,496
"06A",0,71,72
"06A",0,105,109
"06A",0,217,226
"06A",0,291,300
"06A",0,285,290
"06A",0,602,616
"06A",0,599,616
"06A",0,65,70
"06A",0,385,389
"06A",0,319,323
"06A",0,0,0
"06A",0,0,0
"06A",0,0,0
"06A",0,0,0
"06A",0,0,0
"06A",0,75,79
"06A",0,53,55
"06A",0,767,771
"06A",0,16,16
"06A",0,236,241
"06A",0,303,305
"06A",0,6,6
"06A",0,13,13
"06A",0,37,39
"06A",0,0,0
"06A",0,221,221
"06A",0,0,0
"06A",0,797,822
"06A",0,108,110
"06A",0,317,325
"06A",0,33,35
"06A",0,168,170
"06A",0,584,600
"06A",0,575,585
"06A",0,791,820
"06A",0,186,188
"06A",0,59,60
"06A",0,642,658
"06A",0,0,0
"06A",0,233,252
"06A",0,91,91
"06A",0,0,0
"06A",0,103,106
"06A",0,119,122
"06A",0,69,76
"06A",0,65,65
"06A",0,0,0
"06A",0,198,198
"06A",0,209,217
"06A",0,0,0
"06A",0,0,0
"06A",0,20,20
"06A",0,51,51
"06A",0,76,77
"06A",0,81,81
"52A",761,792,1554
"52A",1143,896,2040
"52A",432,394,826
"52A",571,615,1188
"52A",1252,1039,2297
"52A",799,655,1457
"52A",723,541,1266
"52A",1134,693,1828
"52A",853,649,1504
"52A",1137,689,1827
"52A",850,769,1621
"52A",0,0,0
"48A",103,83,189
"48A",0,0,0
"48A",896,622,1519
"48A",919,716,1638
"48A",794,653,1449
"48A",0,0,0
"48A",804,456,1261
"48A",523,542,1065
"48A",424,357,781
"48A",417,386,804
"48A",442,449,893
"48A",835,849,1684
"48A",772,571,1344
"48A",474,575,1050
"48A",1355,922,2283
"51A",0,0,0
"51A",578,665,1246
"51A",278,558,839
"51A",413,507,920
"51A",477,441,919
"51A",491,661,1153
"51A",484,619,1107
"51A",261,427,689
"51A",275,476,752
"51A",0,0,0
"51A",0,0,0
"51A",806,576,1384
"51A",528,667,1198
"51A",427,552,982
"51A",178,359,539
"51A",0,0,0
"51A",537,515,1054
"51A",916,770,1687
"48B",460,344,805
"48B",357,324,681
"48B",471,339,811
"48B",530,303,833
"48B",537,361,900
"48B",321,332,654
"48B",491,335,826
"48B",535,329,866
"48B",1063,572,1635
"48B",620,334,956
"48B",641,327,970
"48B",689,442,1131
"48B",728,465,1199
"48B",405,325,730
"48B",612,409,1021
"48B",697,409,1111
"49A",879,596,1479
"49A",843,527,1373
"49A",471,284,756
"49A",527,442,970
"49A",818,418,1236
"49A",1185,674,1861
"49A",839,566,1408
"49A",694,481,1176
"49A",751,498,1251
"49A",409,322,731
"49A",714,457,1174
"49A",462,402,866
"49A",686,476,1163
"49A",804,512,1316
"49A",697,416,1113
"49B",682,349,1031
"49B",794,511,1305
"49B",948,526,1474
"49B",850,758,1609
"49B",867,591,1461
"49B",713,663,1378
"49B",548,651,1199
"49B",478,495,974
"49B",390,375,766
"49B",389,375,765
"49B",483,556,1040
"49B",369,385,755
"49B",408,402,811
"47A",547,606,1156
"47A",582,529,1112
"47A",528,774,1303
"47A",432,539,972
"47A",426,584,1011
"47A",1014,1203,2221
"47A",1392,1403,2800
"47A",1016,1211,2233
"47A",968,1257,2227
"47B",463,564,1028
"47B",670,883,1556
"47B",509,720,1232
"47B",172,265,438
"47B",360,559,921
"47B",469,572,1042
"47B",664,752,1420
"47B",331,621,954
"47B",476,622,1099
"47B",728,717,1448
"47B",494,641,1136
"47B",593,730,1324
"47B",689,756,1445
"47B",683,867,1550
"21A",69,43,112
"21A",80,37,117
"21A",119,113,232
"21A",60,56,116
"21A",285,198,484
"21A",53,31,84
"21A",76,30,106
"21A",60,42,102
"21A",127,60,187
"21A",8,10,18
"21A",15,35,50
"21A",91,69,160
"21A",89,28,117
"21A",52,28,80
"21A",177,94,271
"21A",74,28,102
"21A",101,46,147
"21A",83,38,121
"21A",135,75,210
"21A",61,25,86
"21A",79,68,147
"21A",34,20,54
"21A",758,500,1261
"21A",1096,655,1758
"21A",83,44,127
"21A",832,599,1432
"21A",348,220,568
"21A",62,29,91
"21A",75,20,96
"21A",20,54,74
"21A",412,368,782
"21A",70,29,99
"21A",66,38,104
"21A",64,26,90
"21A",58,68,126
"21A",14,16,30
"21A",67,34,101
"21A",85,20,105
"21A",79,48,127
"21A",53,8,61
"21A",33,6,39
"21A",34,11,45
"21A",49,30,79
"21A",53,36,89
"21A",58,38,96
"21A",122,106,228
"21A",350,278,628
"21A",420,291,712
"21A",69,21,90
"21A",412,321,734
"21A",67,27,94
"21A",21,9,30
"21A",55,53,109
"21A",31,27,58
"21A",73,18,91
"21A",68,28,96
"21A",43,40,83
"21A",52,35,87
"21A",212,94,306
"21A",54,33,87
